id_aluno,nome_aluno,turma,trimestre,data,ano_letivo,disciplina,nota,faltas
08f39f2a,Sofia,1,1,2025-03-15,1,Matemática,2.48,0.31
08f39f2a,Sofia,1,1,2025-03-21,1,Física,4.78,0.13
08f39f2a,Sofia,1,1,2025-03-22,1,Química,6.76,0.35
08f39f2a,Sofia,1,1,2025-03-25,1,Biologia,5.49,0.29
08f39f2a,Sofia,1,1,2025-03-05,1,Português,7.63,0.77
08f39f2a,Sofia,1,1,2025-03-21,1,História,4.48,0.91
08f39f2a,Sofia,1,1,2025-03-24,1,Geografia,8.97,0.78
08f39f2a,Sofia,1,1,2025-03-19,1,Filosofia,0.58,0.33
08f39f2a,Sofia,1,1,2025-03-13,1,Sociologia,4.22,0.72
08f39f2a,Sofia,1,1,2025-03-03,1,Inglês,6.09,0.4
08f39f2a,Sofia,1,2,2025-06-19,1,Matemática,3.77,0.82
08f39f2a,Sofia,1,2,2025-06-04,1,Física,8.37,0.96
08f39f2a,Sofia,1,2,2025-06-16,1,Química,6.41,0.1
08f39f2a,Sofia,1,2,2025-06-05,1,Biologia,7.95,0.38
08f39f2a,Sofia,1,2,2025-06-10,1,Português,8.38,0.55
08f39f2a,Sofia,1,2,2025-06-19,1,História,3.47,0.97
08f39f2a,Sofia,1,2,2025-06-23,1,Geografia,9.68,0.72
08f39f2a,Sofia,1,2,2025-06-04,1,Filosofia,7.91,0.38
08f39f2a,Sofia,1,2,2025-06-05,1,Sociologia,5.25,0.1
08f39f2a,Sofia,1,2,2025-06-20,1,Inglês,5.71,0.5
08f39f2a,Sofia,1,3,2025-09-26,1,Matemática,2.31,0.55
08f39f2a,Sofia,1,3,2025-09-23,1,Física,2.14,0.01
08f39f2a,Sofia,1,3,2025-09-10,1,Química,6.54,0.44
08f39f2a,Sofia,1,3,2025-09-06,1,Biologia,5.44,0.99
08f39f2a,Sofia,1,3,2025-09-27,1,Português,2.34,0.43
08f39f2a,Sofia,1,3,2025-09-14,1,História,0.29,0.49
08f39f2a,Sofia,1,3,2025-09-23,1,Geografia,3.98,0.42
08f39f2a,Sofia,1,3,2025-09-12,1,Filosofia,1.11,0.79
08f39f2a,Sofia,1,3,2025-09-01,1,Sociologia,3.08,0.26
08f39f2a,Sofia,1,3,2025-09-03,1,Inglês,0.6,0.46
806b0639,Vanessa,1,1,2025-03-26,1,Matemática,7.08,0.6
806b0639,Vanessa,1,1,2025-03-28,1,Física,6.9,0.69
806b0639,Vanessa,1,1,2025-03-02,1,Química,9.32,0.35
806b0639,Vanessa,1,1,2025-03-22,1,Biologia,0.18,0.75
806b0639,Vanessa,1,1,2025-03-04,1,Português,3.04,0.09
806b0639,Vanessa,1,1,2025-03-08,1,História,4.05,0.76
806b0639,Vanessa,1,1,2025-03-07,1,Geografia,7.47,0.28
806b0639,Vanessa,1,1,2025-03-26,1,Filosofia,7.37,0.6
806b0639,Vanessa,1,1,2025-03-16,1,Sociologia,6.23,0.2
806b0639,Vanessa,1,1,2025-03-24,1,Inglês,7.33,0.8
806b0639,Vanessa,1,2,2025-06-28,1,Matemática,2.84,0.98
806b0639,Vanessa,1,2,2025-06-19,1,Física,1.99,0.76
806b0639,Vanessa,1,2,2025-06-02,1,Química,7.63,0.52
806b0639,Vanessa,1,2,2025-06-20,1,Biologia,2.57,0.01
806b0639,Vanessa,1,2,2025-06-06,1,Português,4.35,0.59
806b0639,Vanessa,1,2,2025-06-14,1,História,2.22,0.54
806b0639,Vanessa,1,2,2025-06-14,1,Geografia,5.06,0.25
806b0639,Vanessa,1,2,2025-06-11,1,Filosofia,0.77,0.85
806b0639,Vanessa,1,2,2025-06-16,1,Sociologia,8.07,0.39
806b0639,Vanessa,1,2,2025-06-24,1,Inglês,2.71,0.19
806b0639,Vanessa,1,3,2025-09-23,1,Matemática,8.42,0.38
806b0639,Vanessa,1,3,2025-09-24,1,Física,9.43,0.46
806b0639,Vanessa,1,3,2025-09-13,1,Química,7.27,0.09
806b0639,Vanessa,1,3,2025-09-20,1,Biologia,2.54,0.04
806b0639,Vanessa,1,3,2025-09-11,1,Português,3.23,0.58
806b0639,Vanessa,1,3,2025-09-12,1,História,5.39,0.46
806b0639,Vanessa,1,3,2025-09-25,1,Geografia,9.73,0.19
806b0639,Vanessa,1,3,2025-09-08,1,Filosofia,4.71,0.71
806b0639,Vanessa,1,3,2025-09-20,1,Sociologia,5.51,0.65
806b0639,Vanessa,1,3,2025-09-02,1,Inglês,8.93,0.26
d8fd00ea,Paula,1,1,2025-03-10,1,Matemática,6.77,0.63
d8fd00ea,Paula,1,1,2025-03-07,1,Física,6.28,0.69
d8fd00ea,Paula,1,1,2025-03-17,1,Química,3.82,0.88
d8fd00ea,Paula,1,1,2025-03-28,1,Biologia,1.87,0.34
d8fd00ea,Paula,1,1,2025-03-24,1,Português,6.37,0.63
d8fd00ea,Paula,1,1,2025-03-11,1,História,9.08,0.15
d8fd00ea,Paula,1,1,2025-03-12,1,Geografia,9.91,0.95
d8fd00ea,Paula,1,1,2025-03-28,1,Filosofia,0.48,0.57
d8fd00ea,Paula,1,1,2025-03-16,1,Sociologia,0.36,0.31
d8fd00ea,Paula,1,1,2025-03-07,1,Inglês,0.5,0.4
d8fd00ea,Paula,1,2,2025-06-01,1,Matemática,7.56,0.56
d8fd00ea,Paula,1,2,2025-06-18,1,Física,9.29,0.71
d8fd00ea,Paula,1,2,2025-06-12,1,Química,3.42,0.28
d8fd00ea,Paula,1,2,2025-06-06,1,Biologia,0.07,0.46
d8fd00ea,Paula,1,2,2025-06-24,1,Português,3.39,0.1
d8fd00ea,Paula,1,2,2025-06-04,1,História,3.4,0.94
d8fd00ea,Paula,1,2,2025-06-17,1,Geografia,3.03,0.21
d8fd00ea,Paula,1,2,2025-06-08,1,Filosofia,8.28,0.22
d8fd00ea,Paula,1,2,2025-06-09,1,Sociologia,9.14,0.82
d8fd00ea,Paula,1,2,2025-06-22,1,Inglês,1.15,0.88
d8fd00ea,Paula,1,3,2025-09-08,1,Matemática,8.34,0.75
d8fd00ea,Paula,1,3,2025-09-05,1,Física,5.33,0.44
d8fd00ea,Paula,1,3,2025-09-27,1,Química,0.82,0.68
d8fd00ea,Paula,1,3,2025-09-18,1,Biologia,1.11,0.12
d8fd00ea,Paula,1,3,2025-09-17,1,Português,4.87,0.17
d8fd00ea,Paula,1,3,2025-09-02,1,História,4.75,0.43
d8fd00ea,Paula,1,3,2025-09-01,1,Geografia,9.87,0.11
d8fd00ea,Paula,1,3,2025-09-15,1,Filosofia,3.6,0.54
d8fd00ea,Paula,1,3,2025-09-19,1,Sociologia,3.48,0.6
d8fd00ea,Paula,1,3,2025-09-25,1,Inglês,2.03,0.23
de338a20,Ana,1,1,2025-03-10,1,Matemática,1.82,0.97
de338a20,Ana,1,1,2025-03-23,1,Física,9.68,0.25
de338a20,Ana,1,1,2025-03-01,1,Química,2.62,0.34
de338a20,Ana,1,1,2025-03-22,1,Biologia,8.8,0.87
de338a20,Ana,1,1,2025-03-18,1,Português,0.95,0.13
de338a20,Ana,1,1,2025-03-19,1,História,3.25,0.48
de338a20,Ana,1,1,2025-03-07,1,Geografia,1.6,0.85
de338a20,Ana,1,1,2025-03-07,1,Filosofia,7.46,0.64
de338a20,Ana,1,1,2025-03-06,1,Sociologia,5.25,0.45
de338a20,Ana,1,1,2025-03-09,1,Inglês,7.37,0.03
de338a20,Ana,1,2,2025-06-07,1,Matemática,4.99,0.16
de338a20,Ana,1,2,2025-06-28,1,Física,8.67,0.22
de338a20,Ana,1,2,2025-06-06,1,Química,1.98,0.41
de338a20,Ana,1,2,2025-06-13,1,Biologia,2.59,0.16
de338a20,Ana,1,2,2025-06-05,1,Português,6.68,0.72
de338a20,Ana,1,2,2025-06-19,1,História,9.14,0.05
de338a20,Ana,1,2,2025-06-24,1,Geografia,0.84,0.87
de338a20,Ana,1,2,2025-06-06,1,Filosofia,6.77,0.25
de338a20,Ana,1,2,2025-06-15,1,Sociologia,5.74,0.72
de338a20,Ana,1,2,2025-06-04,1,Inglês,6.21,0.94
de338a20,Ana,1,3,2025-09-24,1,Matemática,7.69,0.49
de338a20,Ana,1,3,2025-09-24,1,Física,3.79,0.64
de338a20,Ana,1,3,2025-09-11,1,Química,4.18,0.38
de338a20,Ana,1,3,2025-09-24,1,Biologia,5.62,0.27
de338a20,Ana,1,3,2025-09-22,1,Português,3.89,0.72
de338a20,Ana,1,3,2025-09-08,1,História,9.58,0.98
de338a20,Ana,1,3,2025-09-03,1,Geografia,6.44,0.79
de338a20,Ana,1,3,2025-09-26,1,Filosofia,4.19,0.29
de338a20,Ana,1,3,2025-09-09,1,Sociologia,2.54,0.49
de338a20,Ana,1,3,2025-09-18,1,Inglês,2.21,0.43
c15f5475,Daniela,1,1,2025-03-22,1,Matemática,6.94,0.68
c15f5475,Daniela,1,1,2025-03-22,1,Física,7.8,0.73
c15f5475,Daniela,1,1,2025-03-04,1,Química,5.4,0.02
c15f5475,Daniela,1,1,2025-03-07,1,Biologia,4.43,0.9
c15f5475,Daniela,1,1,2025-03-22,1,Português,0.81,0.35
c15f5475,Daniela,1,1,2025-03-23,1,História,0.72,0.36
c15f5475,Daniela,1,1,2025-03-07,1,Geografia,3.8,0.04
c15f5475,Daniela,1,1,2025-03-01,1,Filosofia,0.49,0.76
c15f5475,Daniela,1,1,2025-03-02,1,Sociologia,9.77,0.58
c15f5475,Daniela,1,1,2025-03-20,1,Inglês,4.99,0.69
c15f5475,Daniela,1,2,2025-06-15,1,Matemática,0.6,0.73
c15f5475,Daniela,1,2,2025-06-16,1,Física,5.33,0.83
c15f5475,Daniela,1,2,2025-06-15,1,Química,3.68,0.99
c15f5475,Daniela,1,2,2025-06-23,1,Biologia,8.66,0.98
c15f5475,Daniela,1,2,2025-06-14,1,Português,0.05,0.15
c15f5475,Daniela,1,2,2025-06-22,1,História,2.56,0.57
c15f5475,Daniela,1,2,2025-06-20,1,Geografia,9.46,0.82
c15f5475,Daniela,1,2,2025-06-11,1,Filosofia,4.85,0.19
c15f5475,Daniela,1,2,2025-06-21,1,Sociologia,8.09,0.66
c15f5475,Daniela,1,2,2025-06-15,1,Inglês,6.81,0.46
c15f5475,Daniela,1,3,2025-09-14,1,Matemática,8.99,0.15
c15f5475,Daniela,1,3,2025-09-17,1,Física,7.9,0.52
c15f5475,Daniela,1,3,2025-09-16,1,Química,5.83,0.8
c15f5475,Daniela,1,3,2025-09-27,1,Biologia,4.71,0.57
c15f5475,Daniela,1,3,2025-09-15,1,Português,7.85,0.31
c15f5475,Daniela,1,3,2025-09-13,1,História,0.67,0.97
c15f5475,Daniela,1,3,2025-09-18,1,Geografia,4.33,0.78
c15f5475,Daniela,1,3,2025-09-05,1,Filosofia,3.8,0.76
c15f5475,Daniela,1,3,2025-09-27,1,Sociologia,6.0,0.41
c15f5475,Daniela,1,3,2025-09-19,1,Inglês,6.55,0.42
67cb42f7,Bruno,1,1,2025-03-19,1,Matemática,7.47,0.83
67cb42f7,Bruno,1,1,2025-03-23,1,Física,6.87,0.96
67cb42f7,Bruno,1,1,2025-03-08,1,Química,0.85,0.66
67cb42f7,Bruno,1,1,2025-03-17,1,Biologia,4.08,0.48
67cb42f7,Bruno,1,1,2025-03-27,1,Português,7.24,0.71
67cb42f7,Bruno,1,1,2025-03-10,1,História,1.38,0.56
67cb42f7,Bruno,1,1,2025-03-27,1,Geografia,1.11,0.05
67cb42f7,Bruno,1,1,2025-03-23,1,Filosofia,0.59,0.21
67cb42f7,Bruno,1,1,2025-03-11,1,Sociologia,4.03,0.42
67cb42f7,Bruno,1,1,2025-03-21,1,Inglês,7.0,0.5
67cb42f7,Bruno,1,2,2025-06-04,1,Matemática,7.15,0.03
67cb42f7,Bruno,1,2,2025-06-06,1,Física,2.98,0.87
67cb42f7,Bruno,1,2,2025-06-27,1,Química,3.76,0.28
67cb42f7,Bruno,1,2,2025-06-12,1,Biologia,4.9,0.24
67cb42f7,Bruno,1,2,2025-06-09,1,Português,7.56,0.09
67cb42f7,Bruno,1,2,2025-06-07,1,História,4.95,0.32
67cb42f7,Bruno,1,2,2025-06-19,1,Geografia,7.38,0.43
67cb42f7,Bruno,1,2,2025-06-03,1,Filosofia,3.99,0.91
67cb42f7,Bruno,1,2,2025-06-04,1,Sociologia,9.18,0.78
67cb42f7,Bruno,1,2,2025-06-07,1,Inglês,9.59,0.97
67cb42f7,Bruno,1,3,2025-09-09,1,Matemática,0.39,0.91
67cb42f7,Bruno,1,3,2025-09-02,1,Física,0.42,0.82
67cb42f7,Bruno,1,3,2025-09-10,1,Química,4.47,0.48
67cb42f7,Bruno,1,3,2025-09-05,1,Biologia,9.03,0.95
67cb42f7,Bruno,1,3,2025-09-05,1,Português,6.52,0.4
67cb42f7,Bruno,1,3,2025-09-09,1,História,7.76,0.81
67cb42f7,Bruno,1,3,2025-09-04,1,Geografia,6.4,0.11
67cb42f7,Bruno,1,3,2025-09-08,1,Filosofia,1.36,0.15
67cb42f7,Bruno,1,3,2025-09-16,1,Sociologia,1.55,0.1
67cb42f7,Bruno,1,3,2025-09-24,1,Inglês,9.85,0.19
c91b3310,Bruno,1,1,2025-03-14,1,Matemática,0.66,0.03
c91b3310,Bruno,1,1,2025-03-09,1,Física,2.47,0.46
c91b3310,Bruno,1,1,2025-03-18,1,Química,7.73,0.67
c91b3310,Bruno,1,1,2025-03-07,1,Biologia,0.88,0.98
c91b3310,Bruno,1,1,2025-03-25,1,Português,0.85,0.25
c91b3310,Bruno,1,1,2025-03-19,1,História,9.73,0.59
c91b3310,Bruno,1,1,2025-03-09,1,Geografia,7.78,0.12
c91b3310,Bruno,1,1,2025-03-08,1,Filosofia,3.11,0.05
c91b3310,Bruno,1,1,2025-03-28,1,Sociologia,6.57,0.18
c91b3310,Bruno,1,1,2025-03-05,1,Inglês,7.83,0.82
c91b3310,Bruno,1,2,2025-06-08,1,Matemática,1.47,0.01
c91b3310,Bruno,1,2,2025-06-27,1,Física,4.22,0.52
c91b3310,Bruno,1,2,2025-06-14,1,Química,5.26,0.12
c91b3310,Bruno,1,2,2025-06-06,1,Biologia,5.48,0.31
c91b3310,Bruno,1,2,2025-06-17,1,Português,2.02,0.14
c91b3310,Bruno,1,2,2025-06-21,1,História,5.8,0.27
c91b3310,Bruno,1,2,2025-06-01,1,Geografia,7.67,0.32
c91b3310,Bruno,1,2,2025-06-21,1,Filosofia,2.67,0.96
c91b3310,Bruno,1,2,2025-06-06,1,Sociologia,8.3,0.12
c91b3310,Bruno,1,2,2025-06-24,1,Inglês,9.63,0.67
c91b3310,Bruno,1,3,2025-09-13,1,Matemática,3.73,0.51
c91b3310,Bruno,1,3,2025-09-07,1,Física,5.74,0.94
c91b3310,Bruno,1,3,2025-09-20,1,Química,2.1,0.85
c91b3310,Bruno,1,3,2025-09-02,1,Biologia,3.2,0.93
c91b3310,Bruno,1,3,2025-09-09,1,Português,4.58,0.53
c91b3310,Bruno,1,3,2025-09-22,1,História,1.33,0.81
c91b3310,Bruno,1,3,2025-09-10,1,Geografia,3.28,0.35
c91b3310,Bruno,1,3,2025-09-15,1,Filosofia,9.93,0.25
c91b3310,Bruno,1,3,2025-09-14,1,Sociologia,8.71,0.03
c91b3310,Bruno,1,3,2025-09-05,1,Inglês,3.74,0.83
6cd82f6e,Daniela,1,1,2025-03-25,1,Matemática,0.18,0.69
6cd82f6e,Daniela,1,1,2025-03-24,1,Física,7.3,0.95
6cd82f6e,Daniela,1,1,2025-03-22,1,Química,1.38,0.67
6cd82f6e,Daniela,1,1,2025-03-13,1,Biologia,1.58,0.23
6cd82f6e,Daniela,1,1,2025-03-25,1,Português,4.04,0.77
6cd82f6e,Daniela,1,1,2025-03-10,1,História,2.29,0.28
6cd82f6e,Daniela,1,1,2025-03-02,1,Geografia,5.75,0.55
6cd82f6e,Daniela,1,1,2025-03-07,1,Filosofia,6.66,0.64
6cd82f6e,Daniela,1,1,2025-03-06,1,Sociologia,7.82,0.4
6cd82f6e,Daniela,1,1,2025-03-04,1,Inglês,0.37,0.87
6cd82f6e,Daniela,1,2,2025-06-25,1,Matemática,6.87,0.44
6cd82f6e,Daniela,1,2,2025-06-03,1,Física,8.39,0.36
6cd82f6e,Daniela,1,2,2025-06-18,1,Química,0.75,0.44
6cd82f6e,Daniela,1,2,2025-06-12,1,Biologia,6.76,0.7
6cd82f6e,Daniela,1,2,2025-06-05,1,Português,8.45,0.16
6cd82f6e,Daniela,1,2,2025-06-07,1,História,5.59,0.81
6cd82f6e,Daniela,1,2,2025-06-19,1,Geografia,5.69,0.37
6cd82f6e,Daniela,1,2,2025-06-03,1,Filosofia,9.07,0.93
6cd82f6e,Daniela,1,2,2025-06-20,1,Sociologia,8.42,0.74
6cd82f6e,Daniela,1,2,2025-06-25,1,Inglês,5.38,0.72
6cd82f6e,Daniela,1,3,2025-09-03,1,Matemática,9.11,0.5
6cd82f6e,Daniela,1,3,2025-09-06,1,Física,7.46,0.72
6cd82f6e,Daniela,1,3,2025-09-17,1,Química,0.23,0.09
6cd82f6e,Daniela,1,3,2025-09-19,1,Biologia,9.71,0.71
6cd82f6e,Daniela,1,3,2025-09-04,1,Português,3.68,0.07
6cd82f6e,Daniela,1,3,2025-09-01,1,História,1.68,0.3
6cd82f6e,Daniela,1,3,2025-09-17,1,Geografia,7.22,0.03
6cd82f6e,Daniela,1,3,2025-09-19,1,Filosofia,6.64,0.08
6cd82f6e,Daniela,1,3,2025-09-24,1,Sociologia,7.18,0.8
6cd82f6e,Daniela,1,3,2025-09-15,1,Inglês,9.86,0.28
34204d34,Eduardo,1,1,2025-03-22,1,Matemática,9.74,0.05
34204d34,Eduardo,1,1,2025-03-20,1,Física,9.8,0.88
34204d34,Eduardo,1,1,2025-03-25,1,Química,0.27,0.4
34204d34,Eduardo,1,1,2025-03-11,1,Biologia,9.66,0.87
34204d34,Eduardo,1,1,2025-03-27,1,Português,0.5,0.73
34204d34,Eduardo,1,1,2025-03-07,1,História,7.41,0.71
34204d34,Eduardo,1,1,2025-03-11,1,Geografia,5.45,0.19
34204d34,Eduardo,1,1,2025-03-17,1,Filosofia,2.45,0.31
34204d34,Eduardo,1,1,2025-03-08,1,Sociologia,5.21,0.2
34204d34,Eduardo,1,1,2025-03-11,1,Inglês,4.1,0.24
34204d34,Eduardo,1,2,2025-06-14,1,Matemática,3.61,0.74
34204d34,Eduardo,1,2,2025-06-14,1,Física,3.54,0.21
34204d34,Eduardo,1,2,2025-06-18,1,Química,3.51,0.13
34204d34,Eduardo,1,2,2025-06-12,1,Biologia,1.93,0.81
34204d34,Eduardo,1,2,2025-06-07,1,Português,1.75,0.05
34204d34,Eduardo,1,2,2025-06-01,1,História,8.28,0.1
34204d34,Eduardo,1,2,2025-06-26,1,Geografia,4.45,0.49
34204d34,Eduardo,1,2,2025-06-24,1,Filosofia,5.04,0.05
34204d34,Eduardo,1,2,2025-06-19,1,Sociologia,2.64,0.02
34204d34,Eduardo,1,2,2025-06-07,1,Inglês,4.38,0.19
34204d34,Eduardo,1,3,2025-09-23,1,Matemática,4.15,0.67
34204d34,Eduardo,1,3,2025-09-15,1,Física,2.82,0.48
34204d34,Eduardo,1,3,2025-09-02,1,Química,1.77,0.61
34204d34,Eduardo,1,3,2025-09-28,1,Biologia,5.38,0.61
34204d34,Eduardo,1,3,2025-09-09,1,Português,3.59,0.46
34204d34,Eduardo,1,3,2025-09-10,1,História,1.89,0.09
34204d34,Eduardo,1,3,2025-09-24,1,Geografia,4.89,0.87
34204d34,Eduardo,1,3,2025-09-13,1,Filosofia,6.18,0.79
34204d34,Eduardo,1,3,2025-09-08,1,Sociologia,5.09,0.08
34204d34,Eduardo,1,3,2025-09-21,1,Inglês,2.76,0.92
58a5aa68,Vanessa,1,1,2025-03-04,1,Matemática,5.57,0.14
58a5aa68,Vanessa,1,1,2025-03-09,1,Física,6.69,0.36
58a5aa68,Vanessa,1,1,2025-03-28,1,Química,1.36,0.85
58a5aa68,Vanessa,1,1,2025-03-18,1,Biologia,6.93,0.96
58a5aa68,Vanessa,1,1,2025-03-03,1,Português,5.68,0.49
58a5aa68,Vanessa,1,1,2025-03-02,1,História,2.05,0.24
58a5aa68,Vanessa,1,1,2025-03-24,1,Geografia,6.49,0.06
58a5aa68,Vanessa,1,1,2025-03-25,1,Filosofia,9.91,0.45
58a5aa68,Vanessa,1,1,2025-03-11,1,Sociologia,9.64,0.34
58a5aa68,Vanessa,1,1,2025-03-15,1,Inglês,9.38,0.83
58a5aa68,Vanessa,1,2,2025-06-23,1,Matemática,9.29,0.22
58a5aa68,Vanessa,1,2,2025-06-08,1,Física,6.23,0.32
58a5aa68,Vanessa,1,2,2025-06-18,1,Química,1.76,0.34
58a5aa68,Vanessa,1,2,2025-06-10,1,Biologia,3.08,0.19
58a5aa68,Vanessa,1,2,2025-06-21,1,Português,7.35,0.84
58a5aa68,Vanessa,1,2,2025-06-16,1,História,9.23,0.66
58a5aa68,Vanessa,1,2,2025-06-26,1,Geografia,9.35,0.85
58a5aa68,Vanessa,1,2,2025-06-03,1,Filosofia,7.05,0.11
58a5aa68,Vanessa,1,2,2025-06-22,1,Sociologia,7.46,0.34
58a5aa68,Vanessa,1,2,2025-06-04,1,Inglês,4.65,0.8
58a5aa68,Vanessa,1,3,2025-09-17,1,Matemática,4.73,0.78
58a5aa68,Vanessa,1,3,2025-09-03,1,Física,5.01,0.03
58a5aa68,Vanessa,1,3,2025-09-17,1,Química,2.73,0.52
58a5aa68,Vanessa,1,3,2025-09-12,1,Biologia,7.11,0.96
58a5aa68,Vanessa,1,3,2025-09-28,1,Português,0.27,0.58
58a5aa68,Vanessa,1,3,2025-09-03,1,História,2.17,0.89
58a5aa68,Vanessa,1,3,2025-09-07,1,Geografia,0.55,0.3
58a5aa68,Vanessa,1,3,2025-09-04,1,Filosofia,3.79,0.55
58a5aa68,Vanessa,1,3,2025-09-13,1,Sociologia,1.87,0.35
58a5aa68,Vanessa,1,3,2025-09-03,1,Inglês,8.03,0.16
1c46e900,Vanessa,2,1,2025-03-17,1,Matemática,6.32,0.11
1c46e900,Vanessa,2,1,2025-03-09,1,Física,2.73,0.04
1c46e900,Vanessa,2,1,2025-03-12,1,Química,4.14,0.84
1c46e900,Vanessa,2,1,2025-03-17,1,Biologia,0.81,0.28
1c46e900,Vanessa,2,1,2025-03-24,1,Português,6.44,0.59
1c46e900,Vanessa,2,1,2025-03-01,1,História,4.21,0.17
1c46e900,Vanessa,2,1,2025-03-26,1,Geografia,0.93,0.27
1c46e900,Vanessa,2,1,2025-03-24,1,Filosofia,0.81,0.35
1c46e900,Vanessa,2,1,2025-03-17,1,Sociologia,3.11,0.97
1c46e900,Vanessa,2,1,2025-03-10,1,Inglês,2.85,0.6
1c46e900,Vanessa,2,2,2025-06-19,1,Matemática,6.07,0.56
1c46e900,Vanessa,2,2,2025-06-26,1,Física,8.99,0.01
1c46e900,Vanessa,2,2,2025-06-14,1,Química,7.02,0.56
1c46e900,Vanessa,2,2,2025-06-18,1,Biologia,1.22,0.97
1c46e900,Vanessa,2,2,2025-06-03,1,Português,2.0,0.94
1c46e900,Vanessa,2,2,2025-06-02,1,História,5.79,0.49
1c46e900,Vanessa,2,2,2025-06-14,1,Geografia,2.24,0.08
1c46e900,Vanessa,2,2,2025-06-15,1,Filosofia,8.99,0.01
1c46e900,Vanessa,2,2,2025-06-25,1,Sociologia,2.6,0.95
1c46e900,Vanessa,2,2,2025-06-04,1,Inglês,2.19,0.59
1c46e900,Vanessa,2,3,2025-09-27,1,Matemática,4.36,0.05
1c46e900,Vanessa,2,3,2025-09-18,1,Física,4.67,0.81
1c46e900,Vanessa,2,3,2025-09-09,1,Química,2.68,0.87
1c46e900,Vanessa,2,3,2025-09-22,1,Biologia,7.33,0.41
1c46e900,Vanessa,2,3,2025-09-08,1,Português,6.98,0.32
1c46e900,Vanessa,2,3,2025-09-09,1,História,9.0,0.84
1c46e900,Vanessa,2,3,2025-09-10,1,Geografia,2.1,0.76
1c46e900,Vanessa,2,3,2025-09-24,1,Filosofia,6.58,0.2
1c46e900,Vanessa,2,3,2025-09-01,1,Sociologia,9.6,0.77
1c46e900,Vanessa,2,3,2025-09-23,1,Inglês,6.7,0.46
e98a2801,Fernanda,2,1,2025-03-05,1,Matemática,0.61,0.44
e98a2801,Fernanda,2,1,2025-03-09,1,Física,6.56,0.96
e98a2801,Fernanda,2,1,2025-03-28,1,Química,0.72,0.03
e98a2801,Fernanda,2,1,2025-03-14,1,Biologia,7.55,0.06
e98a2801,Fernanda,2,1,2025-03-14,1,Português,4.74,0.62
e98a2801,Fernanda,2,1,2025-03-05,1,História,6.27,0.63
e98a2801,Fernanda,2,1,2025-03-13,1,Geografia,1.35,0.36
e98a2801,Fernanda,2,1,2025-03-08,1,Filosofia,0.94,0.46
e98a2801,Fernanda,2,1,2025-03-25,1,Sociologia,9.68,0.1
e98a2801,Fernanda,2,1,2025-03-21,1,Inglês,8.24,0.58
e98a2801,Fernanda,2,2,2025-06-22,1,Matemática,0.52,0.44
e98a2801,Fernanda,2,2,2025-06-23,1,Física,6.74,0.86
e98a2801,Fernanda,2,2,2025-06-16,1,Química,8.8,0.68
e98a2801,Fernanda,2,2,2025-06-13,1,Biologia,9.08,0.13
e98a2801,Fernanda,2,2,2025-06-27,1,Português,3.4,0.05
e98a2801,Fernanda,2,2,2025-06-18,1,História,9.12,0.93
e98a2801,Fernanda,2,2,2025-06-09,1,Geografia,0.88,0.2
e98a2801,Fernanda,2,2,2025-06-20,1,Filosofia,8.76,0.48
e98a2801,Fernanda,2,2,2025-06-10,1,Sociologia,5.23,0.58
e98a2801,Fernanda,2,2,2025-06-14,1,Inglês,1.89,0.88
e98a2801,Fernanda,2,3,2025-09-26,1,Matemática,0.54,0.03
e98a2801,Fernanda,2,3,2025-09-06,1,Física,2.24,0.19
e98a2801,Fernanda,2,3,2025-09-17,1,Química,4.62,0.29
e98a2801,Fernanda,2,3,2025-09-20,1,Biologia,7.08,0.0
e98a2801,Fernanda,2,3,2025-09-10,1,Português,1.01,0.45
e98a2801,Fernanda,2,3,2025-09-26,1,História,0.76,0.74
e98a2801,Fernanda,2,3,2025-09-08,1,Geografia,9.93,0.87
e98a2801,Fernanda,2,3,2025-09-13,1,Filosofia,3.05,0.04
e98a2801,Fernanda,2,3,2025-09-20,1,Sociologia,8.11,0.14
e98a2801,Fernanda,2,3,2025-09-11,1,Inglês,8.57,0.35
f4f38cd7,Kevin,2,1,2025-03-27,1,Matemática,6.73,0.66
f4f38cd7,Kevin,2,1,2025-03-18,1,Física,1.21,0.04
f4f38cd7,Kevin,2,1,2025-03-24,1,Química,4.71,0.59
f4f38cd7,Kevin,2,1,2025-03-05,1,Biologia,8.82,0.38
f4f38cd7,Kevin,2,1,2025-03-11,1,Português,4.66,0.2
f4f38cd7,Kevin,2,1,2025-03-16,1,História,2.2,0.01
f4f38cd7,Kevin,2,1,2025-03-12,1,Geografia,4.77,0.68
f4f38cd7,Kevin,2,1,2025-03-27,1,Filosofia,2.51,0.79
f4f38cd7,Kevin,2,1,2025-03-27,1,Sociologia,3.46,0.28
f4f38cd7,Kevin,2,1,2025-03-09,1,Inglês,0.12,0.88
f4f38cd7,Kevin,2,2,2025-06-20,1,Matemática,2.83,0.09
f4f38cd7,Kevin,2,2,2025-06-16,1,Física,1.2,0.69
f4f38cd7,Kevin,2,2,2025-06-27,1,Química,4.08,0.97
f4f38cd7,Kevin,2,2,2025-06-04,1,Biologia,3.14,0.26
f4f38cd7,Kevin,2,2,2025-06-28,1,Português,2.41,0.66
f4f38cd7,Kevin,2,2,2025-06-14,1,História,8.47,0.81
f4f38cd7,Kevin,2,2,2025-06-27,1,Geografia,0.53,0.89
f4f38cd7,Kevin,2,2,2025-06-10,1,Filosofia,1.28,0.35
f4f38cd7,Kevin,2,2,2025-06-09,1,Sociologia,3.1,0.89
f4f38cd7,Kevin,2,2,2025-06-16,1,Inglês,0.25,0.56
f4f38cd7,Kevin,2,3,2025-09-10,1,Matemática,5.55,0.67
f4f38cd7,Kevin,2,3,2025-09-20,1,Física,5.35,0.33
f4f38cd7,Kevin,2,3,2025-09-05,1,Química,7.23,0.58
f4f38cd7,Kevin,2,3,2025-09-01,1,Biologia,8.8,0.19
f4f38cd7,Kevin,2,3,2025-09-08,1,Português,0.25,0.1
f4f38cd7,Kevin,2,3,2025-09-16,1,História,2.65,0.96
f4f38cd7,Kevin,2,3,2025-09-18,1,Geografia,3.36,0.73
f4f38cd7,Kevin,2,3,2025-09-17,1,Filosofia,0.65,0.97
f4f38cd7,Kevin,2,3,2025-09-22,1,Sociologia,3.77,0.72
f4f38cd7,Kevin,2,3,2025-09-03,1,Inglês,9.3,0.32
737830fb,Thiago,2,1,2025-03-12,1,Matemática,4.05,0.44
737830fb,Thiago,2,1,2025-03-21,1,Física,7.13,0.58
737830fb,Thiago,2,1,2025-03-02,1,Química,8.83,0.43
737830fb,Thiago,2,1,2025-03-09,1,Biologia,3.07,0.87
737830fb,Thiago,2,1,2025-03-14,1,Português,1.11,0.66
737830fb,Thiago,2,1,2025-03-20,1,História,0.63,0.24
737830fb,Thiago,2,1,2025-03-05,1,Geografia,4.55,0.94
737830fb,Thiago,2,1,2025-03-15,1,Filosofia,7.91,0.24
737830fb,Thiago,2,1,2025-03-21,1,Sociologia,2.54,0.62
737830fb,Thiago,2,1,2025-03-28,1,Inglês,2.13,0.4
737830fb,Thiago,2,2,2025-06-19,1,Matemática,6.81,0.95
737830fb,Thiago,2,2,2025-06-18,1,Física,9.38,0.4
737830fb,Thiago,2,2,2025-06-14,1,Química,4.95,0.23
737830fb,Thiago,2,2,2025-06-10,1,Biologia,4.4,0.69
737830fb,Thiago,2,2,2025-06-08,1,Português,4.7,0.32
737830fb,Thiago,2,2,2025-06-17,1,História,9.85,0.71
737830fb,Thiago,2,2,2025-06-04,1,Geografia,7.88,0.81
737830fb,Thiago,2,2,2025-06-18,1,Filosofia,6.49,0.31
737830fb,Thiago,2,2,2025-06-26,1,Sociologia,1.72,0.15
737830fb,Thiago,2,2,2025-06-25,1,Inglês,5.24,0.9
737830fb,Thiago,2,3,2025-09-03,1,Matemática,0.32,0.92
737830fb,Thiago,2,3,2025-09-06,1,Física,2.03,0.58
737830fb,Thiago,2,3,2025-09-18,1,Química,9.01,0.29
737830fb,Thiago,2,3,2025-09-05,1,Biologia,5.78,0.29
737830fb,Thiago,2,3,2025-09-01,1,Português,1.44,0.32
737830fb,Thiago,2,3,2025-09-26,1,História,4.49,0.72
737830fb,Thiago,2,3,2025-09-03,1,Geografia,2.47,0.84
737830fb,Thiago,2,3,2025-09-15,1,Filosofia,6.33,0.79
737830fb,Thiago,2,3,2025-09-19,1,Sociologia,1.15,0.89
737830fb,Thiago,2,3,2025-09-03,1,Inglês,6.5,0.5
f83dced7,Daniela,2,1,2025-03-03,1,Matemática,0.4,0.38
f83dced7,Daniela,2,1,2025-03-03,1,Física,7.6,0.37
f83dced7,Daniela,2,1,2025-03-24,1,Química,1.15,0.04
f83dced7,Daniela,2,1,2025-03-28,1,Biologia,5.36,0.05
f83dced7,Daniela,2,1,2025-03-15,1,Português,6.71,0.93
f83dced7,Daniela,2,1,2025-03-03,1,História,8.35,0.16
f83dced7,Daniela,2,1,2025-03-24,1,Geografia,5.53,0.01
f83dced7,Daniela,2,1,2025-03-03,1,Filosofia,1.38,0.26
f83dced7,Daniela,2,1,2025-03-27,1,Sociologia,0.53,0.73
f83dced7,Daniela,2,1,2025-03-15,1,Inglês,5.41,0.55
f83dced7,Daniela,2,2,2025-06-22,1,Matemática,2.05,1.0
f83dced7,Daniela,2,2,2025-06-20,1,Física,7.7,0.29
f83dced7,Daniela,2,2,2025-06-08,1,Química,6.49,0.81
f83dced7,Daniela,2,2,2025-06-05,1,Biologia,7.22,0.13
f83dced7,Daniela,2,2,2025-06-26,1,Português,2.12,0.49
f83dced7,Daniela,2,2,2025-06-18,1,História,3.25,0.86
f83dced7,Daniela,2,2,2025-06-03,1,Geografia,4.46,0.46
f83dced7,Daniela,2,2,2025-06-18,1,Filosofia,1.72,0.99
f83dced7,Daniela,2,2,2025-06-13,1,Sociologia,4.45,0.5
f83dced7,Daniela,2,2,2025-06-25,1,Inglês,2.35,0.03
f83dced7,Daniela,2,3,2025-09-28,1,Matemática,0.76,0.6
f83dced7,Daniela,2,3,2025-09-07,1,Física,9.51,0.12
f83dced7,Daniela,2,3,2025-09-10,1,Química,0.74,0.47
f83dced7,Daniela,2,3,2025-09-18,1,Biologia,6.31,0.7
f83dced7,Daniela,2,3,2025-09-19,1,Português,2.99,0.95
f83dced7,Daniela,2,3,2025-09-04,1,História,9.82,0.45
f83dced7,Daniela,2,3,2025-09-24,1,Geografia,3.19,0.46
f83dced7,Daniela,2,3,2025-09-22,1,Filosofia,0.12,0.98
f83dced7,Daniela,2,3,2025-09-17,1,Sociologia,9.57,0.84
f83dced7,Daniela,2,3,2025-09-14,1,Inglês,0.72,0.63
592bca95,Juliana,2,1,2025-03-04,1,Matemática,9.87,0.26
592bca95,Juliana,2,1,2025-03-15,1,Física,4.82,0.78
592bca95,Juliana,2,1,2025-03-16,1,Química,3.79,0.77
592bca95,Juliana,2,1,2025-03-03,1,Biologia,9.87,0.23
592bca95,Juliana,2,1,2025-03-07,1,Português,7.24,0.98
592bca95,Juliana,2,1,2025-03-21,1,História,1.06,0.82
592bca95,Juliana,2,1,2025-03-21,1,Geografia,4.88,0.82
592bca95,Juliana,2,1,2025-03-15,1,Filosofia,7.25,0.2
592bca95,Juliana,2,1,2025-03-15,1,Sociologia,4.72,0.88
592bca95,Juliana,2,1,2025-03-23,1,Inglês,4.96,0.94
592bca95,Juliana,2,2,2025-06-04,1,Matemática,7.89,0.66
592bca95,Juliana,2,2,2025-06-01,1,Física,8.15,0.49
592bca95,Juliana,2,2,2025-06-19,1,Química,5.92,0.45
592bca95,Juliana,2,2,2025-06-18,1,Biologia,6.39,0.27
592bca95,Juliana,2,2,2025-06-01,1,Português,0.47,0.28
592bca95,Juliana,2,2,2025-06-07,1,História,7.6,0.61
592bca95,Juliana,2,2,2025-06-16,1,Geografia,0.84,0.46
592bca95,Juliana,2,2,2025-06-25,1,Filosofia,6.18,0.35
592bca95,Juliana,2,2,2025-06-01,1,Sociologia,4.37,0.72
592bca95,Juliana,2,2,2025-06-12,1,Inglês,0.26,0.45
592bca95,Juliana,2,3,2025-09-18,1,Matemática,0.04,0.8
592bca95,Juliana,2,3,2025-09-07,1,Física,8.11,0.01
592bca95,Juliana,2,3,2025-09-11,1,Química,4.45,0.1
592bca95,Juliana,2,3,2025-09-09,1,Biologia,6.77,0.34
592bca95,Juliana,2,3,2025-09-16,1,Português,9.84,0.81
592bca95,Juliana,2,3,2025-09-17,1,História,2.46,0.85
592bca95,Juliana,2,3,2025-09-28,1,Geografia,0.54,0.62
592bca95,Juliana,2,3,2025-09-26,1,Filosofia,4.14,0.7
592bca95,Juliana,2,3,2025-09-08,1,Sociologia,0.79,0.68
592bca95,Juliana,2,3,2025-09-16,1,Inglês,0.9,0.03
a9406c0b,Daniela,2,1,2025-03-09,1,Matemática,0.05,0.7
a9406c0b,Daniela,2,1,2025-03-16,1,Física,6.29,0.92
a9406c0b,Daniela,2,1,2025-03-05,1,Química,7.58,0.72
a9406c0b,Daniela,2,1,2025-03-18,1,Biologia,8.47,0.52
a9406c0b,Daniela,2,1,2025-03-24,1,Português,7.57,0.07
a9406c0b,Daniela,2,1,2025-03-01,1,História,5.12,0.84
a9406c0b,Daniela,2,1,2025-03-06,1,Geografia,7.55,0.89
a9406c0b,Daniela,2,1,2025-03-20,1,Filosofia,4.44,0.14
a9406c0b,Daniela,2,1,2025-03-25,1,Sociologia,7.47,0.85
a9406c0b,Daniela,2,1,2025-03-10,1,Inglês,0.19,0.28
a9406c0b,Daniela,2,2,2025-06-07,1,Matemática,0.13,0.71
a9406c0b,Daniela,2,2,2025-06-04,1,Física,4.0,0.79
a9406c0b,Daniela,2,2,2025-06-16,1,Química,3.98,0.46
a9406c0b,Daniela,2,2,2025-06-27,1,Biologia,8.5,0.95
a9406c0b,Daniela,2,2,2025-06-17,1,Português,8.31,0.73
a9406c0b,Daniela,2,2,2025-06-10,1,História,1.75,0.65
a9406c0b,Daniela,2,2,2025-06-04,1,Geografia,8.72,0.05
a9406c0b,Daniela,2,2,2025-06-28,1,Filosofia,2.86,0.16
a9406c0b,Daniela,2,2,2025-06-23,1,Sociologia,7.15,0.24
a9406c0b,Daniela,2,2,2025-06-15,1,Inglês,5.96,0.58
a9406c0b,Daniela,2,3,2025-09-21,1,Matemática,0.49,0.94
a9406c0b,Daniela,2,3,2025-09-15,1,Física,2.84,0.64
a9406c0b,Daniela,2,3,2025-09-03,1,Química,6.0,0.76
a9406c0b,Daniela,2,3,2025-09-14,1,Biologia,5.41,0.96
a9406c0b,Daniela,2,3,2025-09-10,1,Português,8.11,0.53
a9406c0b,Daniela,2,3,2025-09-03,1,História,1.6,0.59
a9406c0b,Daniela,2,3,2025-09-13,1,Geografia,0.39,0.87
a9406c0b,Daniela,2,3,2025-09-09,1,Filosofia,2.38,0.74
a9406c0b,Daniela,2,3,2025-09-05,1,Sociologia,4.51,0.28
a9406c0b,Daniela,2,3,2025-09-28,1,Inglês,9.05,0.51
4fea5426,Vanessa,2,1,2025-03-17,1,Matemática,0.91,0.61
4fea5426,Vanessa,2,1,2025-03-11,1,Física,3.72,0.41
4fea5426,Vanessa,2,1,2025-03-07,1,Química,8.21,0.0
4fea5426,Vanessa,2,1,2025-03-02,1,Biologia,3.24,0.51
4fea5426,Vanessa,2,1,2025-03-07,1,Português,1.61,0.88
4fea5426,Vanessa,2,1,2025-03-02,1,História,3.38,0.05
4fea5426,Vanessa,2,1,2025-03-05,1,Geografia,0.76,0.1
4fea5426,Vanessa,2,1,2025-03-21,1,Filosofia,9.7,0.25
4fea5426,Vanessa,2,1,2025-03-16,1,Sociologia,6.9,0.26
4fea5426,Vanessa,2,1,2025-03-02,1,Inglês,9.28,0.57
4fea5426,Vanessa,2,2,2025-06-28,1,Matemática,8.6,0.31
4fea5426,Vanessa,2,2,2025-06-05,1,Física,1.02,0.16
4fea5426,Vanessa,2,2,2025-06-17,1,Química,2.12,0.88
4fea5426,Vanessa,2,2,2025-06-12,1,Biologia,7.98,0.62
4fea5426,Vanessa,2,2,2025-06-20,1,Português,3.58,0.61
4fea5426,Vanessa,2,2,2025-06-21,1,História,2.5,0.94
4fea5426,Vanessa,2,2,2025-06-14,1,Geografia,1.87,0.06
4fea5426,Vanessa,2,2,2025-06-05,1,Filosofia,1.06,0.08
4fea5426,Vanessa,2,2,2025-06-23,1,Sociologia,4.19,0.05
4fea5426,Vanessa,2,2,2025-06-04,1,Inglês,0.52,0.02
4fea5426,Vanessa,2,3,2025-09-14,1,Matemática,7.04,0.21
4fea5426,Vanessa,2,3,2025-09-26,1,Física,8.24,0.05
4fea5426,Vanessa,2,3,2025-09-05,1,Química,8.08,0.95
4fea5426,Vanessa,2,3,2025-09-15,1,Biologia,3.92,0.31
4fea5426,Vanessa,2,3,2025-09-01,1,Português,4.46,0.77
4fea5426,Vanessa,2,3,2025-09-17,1,História,5.67,0.33
4fea5426,Vanessa,2,3,2025-09-28,1,Geografia,4.45,0.54
4fea5426,Vanessa,2,3,2025-09-23,1,Filosofia,2.12,0.7
4fea5426,Vanessa,2,3,2025-09-06,1,Sociologia,2.13,0.89
4fea5426,Vanessa,2,3,2025-09-10,1,Inglês,1.63,0.93
61218fea,Daniela,2,1,2025-03-07,1,Matemática,0.21,0.69
61218fea,Daniela,2,1,2025-03-14,1,Física,6.26,0.53
61218fea,Daniela,2,1,2025-03-04,1,Química,2.66,0.48
61218fea,Daniela,2,1,2025-03-01,1,Biologia,3.51,0.73
61218fea,Daniela,2,1,2025-03-02,1,Português,3.97,0.07
61218fea,Daniela,2,1,2025-03-05,1,História,9.62,0.32
61218fea,Daniela,2,1,2025-03-19,1,Geografia,3.84,0.47
61218fea,Daniela,2,1,2025-03-03,1,Filosofia,1.01,0.31
61218fea,Daniela,2,1,2025-03-25,1,Sociologia,3.06,0.94
61218fea,Daniela,2,1,2025-03-05,1,Inglês,6.65,0.14
61218fea,Daniela,2,2,2025-06-12,1,Matemática,0.2,0.26
61218fea,Daniela,2,2,2025-06-20,1,Física,7.41,0.46
61218fea,Daniela,2,2,2025-06-27,1,Química,7.42,0.99
61218fea,Daniela,2,2,2025-06-04,1,Biologia,0.85,0.09
61218fea,Daniela,2,2,2025-06-26,1,Português,8.18,0.51
61218fea,Daniela,2,2,2025-06-02,1,História,6.08,0.34
61218fea,Daniela,2,2,2025-06-12,1,Geografia,3.78,0.69
61218fea,Daniela,2,2,2025-06-13,1,Filosofia,8.71,0.26
61218fea,Daniela,2,2,2025-06-14,1,Sociologia,9.3,0.08
61218fea,Daniela,2,2,2025-06-12,1,Inglês,3.73,0.12
61218fea,Daniela,2,3,2025-09-07,1,Matemática,1.79,0.92
61218fea,Daniela,2,3,2025-09-04,1,Física,7.29,0.52
61218fea,Daniela,2,3,2025-09-23,1,Química,5.88,0.81
61218fea,Daniela,2,3,2025-09-24,1,Biologia,9.69,0.39
61218fea,Daniela,2,3,2025-09-19,1,Português,4.05,0.91
61218fea,Daniela,2,3,2025-09-09,1,História,2.79,0.37
61218fea,Daniela,2,3,2025-09-24,1,Geografia,2.68,0.88
61218fea,Daniela,2,3,2025-09-27,1,Filosofia,2.47,0.55
61218fea,Daniela,2,3,2025-09-18,1,Sociologia,9.71,0.9
61218fea,Daniela,2,3,2025-09-12,1,Inglês,5.13,0.79
4ec942b1,Natália,2,1,2025-03-13,1,Matemática,5.05,0.2
4ec942b1,Natália,2,1,2025-03-21,1,Física,7.75,0.06
4ec942b1,Natália,2,1,2025-03-25,1,Química,7.93,0.88
4ec942b1,Natália,2,1,2025-03-27,1,Biologia,1.26,0.31
4ec942b1,Natália,2,1,2025-03-06,1,Português,0.44,0.15
4ec942b1,Natália,2,1,2025-03-21,1,História,6.02,0.32
4ec942b1,Natália,2,1,2025-03-26,1,Geografia,5.67,0.42
4ec942b1,Natália,2,1,2025-03-27,1,Filosofia,1.06,0.61
4ec942b1,Natália,2,1,2025-03-06,1,Sociologia,8.39,0.6
4ec942b1,Natália,2,1,2025-03-17,1,Inglês,5.25,0.02
4ec942b1,Natália,2,2,2025-06-16,1,Matemática,4.52,0.42
4ec942b1,Natália,2,2,2025-06-15,1,Física,4.93,0.43
4ec942b1,Natália,2,2,2025-06-01,1,Química,3.3,0.18
4ec942b1,Natália,2,2,2025-06-18,1,Biologia,5.5,0.66
4ec942b1,Natália,2,2,2025-06-12,1,Português,4.3,0.92
4ec942b1,Natália,2,2,2025-06-21,1,História,8.53,0.9
4ec942b1,Natália,2,2,2025-06-07,1,Geografia,6.14,0.27
4ec942b1,Natália,2,2,2025-06-23,1,Filosofia,5.69,0.28
4ec942b1,Natália,2,2,2025-06-23,1,Sociologia,2.32,0.26
4ec942b1,Natália,2,2,2025-06-25,1,Inglês,5.62,0.92
4ec942b1,Natália,2,3,2025-09-20,1,Matemática,3.49,0.98
4ec942b1,Natália,2,3,2025-09-23,1,Física,3.15,0.73
4ec942b1,Natália,2,3,2025-09-04,1,Química,5.35,0.82
4ec942b1,Natália,2,3,2025-09-12,1,Biologia,9.69,0.92
4ec942b1,Natália,2,3,2025-09-11,1,Português,5.31,0.08
4ec942b1,Natália,2,3,2025-09-20,1,História,0.37,0.61
4ec942b1,Natália,2,3,2025-09-12,1,Geografia,9.29,0.8
4ec942b1,Natália,2,3,2025-09-16,1,Filosofia,5.93,0.67
4ec942b1,Natália,2,3,2025-09-11,1,Sociologia,3.87,0.92
4ec942b1,Natália,2,3,2025-09-17,1,Inglês,1.29,0.76
1612844d,Ricardo,3,1,2025-03-09,1,Matemática,7.36,0.34
1612844d,Ricardo,3,1,2025-03-20,1,Física,5.81,0.73
1612844d,Ricardo,3,1,2025-03-04,1,Química,9.89,0.71
1612844d,Ricardo,3,1,2025-03-08,1,Biologia,9.28,0.03
1612844d,Ricardo,3,1,2025-03-21,1,Português,2.61,0.55
1612844d,Ricardo,3,1,2025-03-02,1,História,3.99,0.85
1612844d,Ricardo,3,1,2025-03-17,1,Geografia,1.53,0.68
1612844d,Ricardo,3,1,2025-03-09,1,Filosofia,9.65,0.82
1612844d,Ricardo,3,1,2025-03-13,1,Sociologia,8.81,0.92
1612844d,Ricardo,3,1,2025-03-16,1,Inglês,7.35,0.07
1612844d,Ricardo,3,2,2025-06-23,1,Matemática,8.74,0.87
1612844d,Ricardo,3,2,2025-06-07,1,Física,7.02,0.87
1612844d,Ricardo,3,2,2025-06-08,1,Química,4.3,0.65
1612844d,Ricardo,3,2,2025-06-05,1,Biologia,1.87,0.75
1612844d,Ricardo,3,2,2025-06-01,1,Português,1.83,0.94
1612844d,Ricardo,3,2,2025-06-16,1,História,8.82,0.94
1612844d,Ricardo,3,2,2025-06-06,1,Geografia,3.4,0.49
1612844d,Ricardo,3,2,2025-06-25,1,Filosofia,2.62,0.03
1612844d,Ricardo,3,2,2025-06-26,1,Sociologia,9.8,0.79
1612844d,Ricardo,3,2,2025-06-20,1,Inglês,0.54,0.45
1612844d,Ricardo,3,3,2025-09-07,1,Matemática,3.26,0.65
1612844d,Ricardo,3,3,2025-09-27,1,Física,0.28,0.74
1612844d,Ricardo,3,3,2025-09-03,1,Química,1.2,0.78
1612844d,Ricardo,3,3,2025-09-24,1,Biologia,8.53,0.1
1612844d,Ricardo,3,3,2025-09-24,1,Português,9.62,0.57
1612844d,Ricardo,3,3,2025-09-15,1,História,2.89,0.15
1612844d,Ricardo,3,3,2025-09-07,1,Geografia,1.04,0.18
1612844d,Ricardo,3,3,2025-09-24,1,Filosofia,2.85,0.63
1612844d,Ricardo,3,3,2025-09-04,1,Sociologia,8.99,0.2
1612844d,Ricardo,3,3,2025-09-16,1,Inglês,2.13,0.27
588efc58,Sofia,3,1,2025-03-17,1,Matemática,10.0,0.32
588efc58,Sofia,3,1,2025-03-05,1,Física,7.28,0.81
588efc58,Sofia,3,1,2025-03-04,1,Química,2.59,0.21
588efc58,Sofia,3,1,2025-03-21,1,Biologia,8.94,0.79
588efc58,Sofia,3,1,2025-03-09,1,Português,2.33,0.98
588efc58,Sofia,3,1,2025-03-24,1,História,2.23,0.66
588efc58,Sofia,3,1,2025-03-04,1,Geografia,0.77,0.03
588efc58,Sofia,3,1,2025-03-19,1,Filosofia,8.3,0.94
588efc58,Sofia,3,1,2025-03-12,1,Sociologia,1.66,0.14
588efc58,Sofia,3,1,2025-03-15,1,Inglês,5.11,0.44
588efc58,Sofia,3,2,2025-06-09,1,Matemática,4.08,0.12
588efc58,Sofia,3,2,2025-06-28,1,Física,0.45,0.07
588efc58,Sofia,3,2,2025-06-15,1,Química,9.21,0.91
588efc58,Sofia,3,2,2025-06-17,1,Biologia,4.66,1.0
588efc58,Sofia,3,2,2025-06-19,1,Português,0.15,0.52
588efc58,Sofia,3,2,2025-06-01,1,História,4.61,0.84
588efc58,Sofia,3,2,2025-06-24,1,Geografia,9.82,0.36
588efc58,Sofia,3,2,2025-06-09,1,Filosofia,9.97,0.05
588efc58,Sofia,3,2,2025-06-22,1,Sociologia,1.22,0.06
588efc58,Sofia,3,2,2025-06-26,1,Inglês,8.11,0.96
588efc58,Sofia,3,3,2025-09-05,1,Matemática,1.13,0.95
588efc58,Sofia,3,3,2025-09-25,1,Física,7.13,0.55
588efc58,Sofia,3,3,2025-09-13,1,Química,9.17,0.93
588efc58,Sofia,3,3,2025-09-24,1,Biologia,5.12,0.53
588efc58,Sofia,3,3,2025-09-22,1,Português,1.51,0.62
588efc58,Sofia,3,3,2025-09-12,1,História,5.54,0.89
588efc58,Sofia,3,3,2025-09-07,1,Geografia,1.35,0.64
588efc58,Sofia,3,3,2025-09-22,1,Filosofia,3.32,0.4
588efc58,Sofia,3,3,2025-09-22,1,Sociologia,5.31,0.5
588efc58,Sofia,3,3,2025-09-10,1,Inglês,2.02,0.69
28251505,Fernanda,3,1,2025-03-26,1,Matemática,1.44,0.39
28251505,Fernanda,3,1,2025-03-28,1,Física,7.54,0.39
28251505,Fernanda,3,1,2025-03-16,1,Química,0.66,0.43
28251505,Fernanda,3,1,2025-03-06,1,Biologia,7.32,0.08
28251505,Fernanda,3,1,2025-03-14,1,Português,6.62,0.46
28251505,Fernanda,3,1,2025-03-10,1,História,4.61,0.65
28251505,Fernanda,3,1,2025-03-09,1,Geografia,2.71,0.34
28251505,Fernanda,3,1,2025-03-25,1,Filosofia,5.93,0.93
28251505,Fernanda,3,1,2025-03-02,1,Sociologia,9.41,0.93
28251505,Fernanda,3,1,2025-03-16,1,Inglês,2.65,0.58
28251505,Fernanda,3,2,2025-06-20,1,Matemática,1.74,0.76
28251505,Fernanda,3,2,2025-06-22,1,Física,1.54,0.69
28251505,Fernanda,3,2,2025-06-09,1,Química,6.04,0.9
28251505,Fernanda,3,2,2025-06-28,1,Biologia,1.04,0.09
28251505,Fernanda,3,2,2025-06-24,1,Português,1.31,0.66
28251505,Fernanda,3,2,2025-06-01,1,História,1.89,0.1
28251505,Fernanda,3,2,2025-06-06,1,Geografia,1.19,0.99
28251505,Fernanda,3,2,2025-06-17,1,Filosofia,1.25,0.53
28251505,Fernanda,3,2,2025-06-08,1,Sociologia,5.36,0.56
28251505,Fernanda,3,2,2025-06-23,1,Inglês,2.35,0.32
28251505,Fernanda,3,3,2025-09-07,1,Matemática,8.46,0.48
28251505,Fernanda,3,3,2025-09-12,1,Física,8.5,0.29
28251505,Fernanda,3,3,2025-09-18,1,Química,6.06,0.52
28251505,Fernanda,3,3,2025-09-15,1,Biologia,6.12,0.67
28251505,Fernanda,3,3,2025-09-25,1,Português,3.97,0.26
28251505,Fernanda,3,3,2025-09-28,1,História,6.2,0.8
28251505,Fernanda,3,3,2025-09-12,1,Geografia,1.84,0.26
28251505,Fernanda,3,3,2025-09-14,1,Filosofia,2.51,0.88
28251505,Fernanda,3,3,2025-09-09,1,Sociologia,4.78,0.26
28251505,Fernanda,3,3,2025-09-17,1,Inglês,7.95,0.28
84a7b9e4,Helena,3,1,2025-03-06,1,Matemática,9.61,0.55
84a7b9e4,Helena,3,1,2025-03-17,1,Física,7.36,0.79
84a7b9e4,Helena,3,1,2025-03-20,1,Química,1.67,0.08
84a7b9e4,Helena,3,1,2025-03-27,1,Biologia,0.78,0.87
84a7b9e4,Helena,3,1,2025-03-21,1,Português,9.62,0.06
84a7b9e4,Helena,3,1,2025-03-21,1,História,8.15,0.01
84a7b9e4,Helena,3,1,2025-03-23,1,Geografia,0.72,0.52
84a7b9e4,Helena,3,1,2025-03-25,1,Filosofia,6.11,0.8
84a7b9e4,Helena,3,1,2025-03-24,1,Sociologia,3.99,0.14
84a7b9e4,Helena,3,1,2025-03-25,1,Inglês,0.68,0.13
84a7b9e4,Helena,3,2,2025-06-02,1,Matemática,0.08,0.04
84a7b9e4,Helena,3,2,2025-06-04,1,Física,5.37,0.91
84a7b9e4,Helena,3,2,2025-06-03,1,Química,7.71,0.92
84a7b9e4,Helena,3,2,2025-06-16,1,Biologia,2.52,0.82
84a7b9e4,Helena,3,2,2025-06-17,1,Português,9.11,0.66
84a7b9e4,Helena,3,2,2025-06-18,1,História,3.53,0.39
84a7b9e4,Helena,3,2,2025-06-21,1,Geografia,1.86,0.64
84a7b9e4,Helena,3,2,2025-06-12,1,Filosofia,5.8,0.4
84a7b9e4,Helena,3,2,2025-06-24,1,Sociologia,6.56,0.57
84a7b9e4,Helena,3,2,2025-06-14,1,Inglês,9.56,0.46
84a7b9e4,Helena,3,3,2025-09-01,1,Matemática,3.8,0.49
84a7b9e4,Helena,3,3,2025-09-03,1,Física,1.63,0.88
84a7b9e4,Helena,3,3,2025-09-05,1,Química,8.21,0.23
84a7b9e4,Helena,3,3,2025-09-12,1,Biologia,6.96,0.43
84a7b9e4,Helena,3,3,2025-09-09,1,Português,5.51,0.57
84a7b9e4,Helena,3,3,2025-09-10,1,História,4.44,0.7
84a7b9e4,Helena,3,3,2025-09-22,1,Geografia,2.24,0.88
84a7b9e4,Helena,3,3,2025-09-02,1,Filosofia,4.43,0.61
84a7b9e4,Helena,3,3,2025-09-11,1,Sociologia,1.1,0.78
84a7b9e4,Helena,3,3,2025-09-13,1,Inglês,9.76,0.27
058d8375,Vanessa,3,1,2025-03-06,1,Matemática,7.18,0.94
058d8375,Vanessa,3,1,2025-03-12,1,Física,8.25,0.2
058d8375,Vanessa,3,1,2025-03-01,1,Química,3.62,0.87
058d8375,Vanessa,3,1,2025-03-13,1,Biologia,7.8,0.68
058d8375,Vanessa,3,1,2025-03-04,1,Português,3.85,0.12
058d8375,Vanessa,3,1,2025-03-01,1,História,4.55,0.91
058d8375,Vanessa,3,1,2025-03-02,1,Geografia,1.99,0.66
058d8375,Vanessa,3,1,2025-03-09,1,Filosofia,6.31,0.33
058d8375,Vanessa,3,1,2025-03-22,1,Sociologia,4.16,0.61
058d8375,Vanessa,3,1,2025-03-14,1,Inglês,5.61,0.99
058d8375,Vanessa,3,2,2025-06-18,1,Matemática,3.94,0.85
058d8375,Vanessa,3,2,2025-06-28,1,Física,9.23,0.25
058d8375,Vanessa,3,2,2025-06-22,1,Química,6.8,0.06
058d8375,Vanessa,3,2,2025-06-19,1,Biologia,9.71,0.54
058d8375,Vanessa,3,2,2025-06-04,1,Português,8.37,0.95
058d8375,Vanessa,3,2,2025-06-27,1,História,9.63,0.02
058d8375,Vanessa,3,2,2025-06-02,1,Geografia,0.89,0.96
058d8375,Vanessa,3,2,2025-06-11,1,Filosofia,0.96,0.67
058d8375,Vanessa,3,2,2025-06-19,1,Sociologia,1.56,0.47
058d8375,Vanessa,3,2,2025-06-22,1,Inglês,7.36,0.11
058d8375,Vanessa,3,3,2025-09-27,1,Matemática,9.78,0.79
058d8375,Vanessa,3,3,2025-09-07,1,Física,1.77,0.45
058d8375,Vanessa,3,3,2025-09-23,1,Química,4.39,0.97
058d8375,Vanessa,3,3,2025-09-06,1,Biologia,8.65,0.8
058d8375,Vanessa,3,3,2025-09-20,1,Português,6.74,0.72
058d8375,Vanessa,3,3,2025-09-24,1,História,4.89,0.76
058d8375,Vanessa,3,3,2025-09-03,1,Geografia,2.21,0.42
058d8375,Vanessa,3,3,2025-09-02,1,Filosofia,2.5,0.85
058d8375,Vanessa,3,3,2025-09-14,1,Sociologia,9.62,0.57
058d8375,Vanessa,3,3,2025-09-23,1,Inglês,9.47,0.84
d3cb7833,Eduardo,3,1,2025-03-03,1,Matemática,4.54,0.97
d3cb7833,Eduardo,3,1,2025-03-14,1,Física,5.99,0.35
d3cb7833,Eduardo,3,1,2025-03-18,1,Química,5.74,0.32
d3cb7833,Eduardo,3,1,2025-03-24,1,Biologia,4.12,0.96
d3cb7833,Eduardo,3,1,2025-03-21,1,Português,6.64,0.87
d3cb7833,Eduardo,3,1,2025-03-11,1,História,8.43,0.64
d3cb7833,Eduardo,3,1,2025-03-10,1,Geografia,3.68,0.61
d3cb7833,Eduardo,3,1,2025-03-04,1,Filosofia,1.05,0.65
d3cb7833,Eduardo,3,1,2025-03-28,1,Sociologia,3.99,0.58
d3cb7833,Eduardo,3,1,2025-03-23,1,Inglês,1.66,0.86
d3cb7833,Eduardo,3,2,2025-06-01,1,Matemática,3.2,0.97
d3cb7833,Eduardo,3,2,2025-06-28,1,Física,4.16,0.01
d3cb7833,Eduardo,3,2,2025-06-04,1,Química,3.74,0.9
d3cb7833,Eduardo,3,2,2025-06-20,1,Biologia,4.76,0.77
d3cb7833,Eduardo,3,2,2025-06-16,1,Português,7.31,0.34
d3cb7833,Eduardo,3,2,2025-06-21,1,História,6.72,0.76
d3cb7833,Eduardo,3,2,2025-06-20,1,Geografia,6.2,0.36
d3cb7833,Eduardo,3,2,2025-06-25,1,Filosofia,5.08,0.78
d3cb7833,Eduardo,3,2,2025-06-24,1,Sociologia,7.89,0.22
d3cb7833,Eduardo,3,2,2025-06-17,1,Inglês,8.83,0.46
d3cb7833,Eduardo,3,3,2025-09-13,1,Matemática,8.26,0.35
d3cb7833,Eduardo,3,3,2025-09-10,1,Física,7.92,0.95
d3cb7833,Eduardo,3,3,2025-09-15,1,Química,3.67,0.95
d3cb7833,Eduardo,3,3,2025-09-20,1,Biologia,2.51,0.4
d3cb7833,Eduardo,3,3,2025-09-07,1,Português,7.65,0.62
d3cb7833,Eduardo,3,3,2025-09-19,1,História,8.01,0.86
d3cb7833,Eduardo,3,3,2025-09-05,1,Geografia,8.65,0.2
d3cb7833,Eduardo,3,3,2025-09-01,1,Filosofia,2.97,0.04
d3cb7833,Eduardo,3,3,2025-09-05,1,Sociologia,2.54,0.0
d3cb7833,Eduardo,3,3,2025-09-09,1,Inglês,6.22,0.13
b8d9a93d,Otávio,3,1,2025-03-12,1,Matemática,1.67,0.22
b8d9a93d,Otávio,3,1,2025-03-09,1,Física,7.96,0.78
b8d9a93d,Otávio,3,1,2025-03-24,1,Química,5.38,0.57
b8d9a93d,Otávio,3,1,2025-03-20,1,Biologia,3.28,0.82
b8d9a93d,Otávio,3,1,2025-03-11,1,Português,7.3,0.93
b8d9a93d,Otávio,3,1,2025-03-19,1,História,6.62,0.57
b8d9a93d,Otávio,3,1,2025-03-10,1,Geografia,8.18,0.34
b8d9a93d,Otávio,3,1,2025-03-18,1,Filosofia,0.7,0.68
b8d9a93d,Otávio,3,1,2025-03-02,1,Sociologia,1.52,0.64
b8d9a93d,Otávio,3,1,2025-03-01,1,Inglês,1.45,0.81
b8d9a93d,Otávio,3,2,2025-06-12,1,Matemática,1.96,0.82
b8d9a93d,Otávio,3,2,2025-06-21,1,Física,2.42,0.58
b8d9a93d,Otávio,3,2,2025-06-17,1,Química,6.46,0.33
b8d9a93d,Otávio,3,2,2025-06-02,1,Biologia,3.41,0.24
b8d9a93d,Otávio,3,2,2025-06-06,1,Português,6.91,0.89
b8d9a93d,Otávio,3,2,2025-06-18,1,História,5.44,0.42
b8d9a93d,Otávio,3,2,2025-06-18,1,Geografia,8.31,0.88
b8d9a93d,Otávio,3,2,2025-06-14,1,Filosofia,9.79,0.98
b8d9a93d,Otávio,3,2,2025-06-07,1,Sociologia,7.3,0.49
b8d9a93d,Otávio,3,2,2025-06-08,1,Inglês,4.82,0.6
b8d9a93d,Otávio,3,3,2025-09-28,1,Matemática,4.57,0.82
b8d9a93d,Otávio,3,3,2025-09-12,1,Física,0.14,0.3
b8d9a93d,Otávio,3,3,2025-09-01,1,Química,8.43,0.42
b8d9a93d,Otávio,3,3,2025-09-26,1,Biologia,6.25,0.37
b8d9a93d,Otávio,3,3,2025-09-15,1,Português,6.95,0.87
b8d9a93d,Otávio,3,3,2025-09-10,1,História,0.15,0.02
b8d9a93d,Otávio,3,3,2025-09-12,1,Geografia,1.46,0.59
b8d9a93d,Otávio,3,3,2025-09-19,1,Filosofia,3.18,0.51
b8d9a93d,Otávio,3,3,2025-09-14,1,Sociologia,4.9,0.53
b8d9a93d,Otávio,3,3,2025-09-07,1,Inglês,6.2,0.62
136e881b,Otávio,3,1,2025-03-21,1,Matemática,3.79,0.65
136e881b,Otávio,3,1,2025-03-03,1,Física,6.26,0.58
136e881b,Otávio,3,1,2025-03-19,1,Química,4.59,0.54
136e881b,Otávio,3,1,2025-03-06,1,Biologia,9.76,0.23
136e881b,Otávio,3,1,2025-03-28,1,Português,3.23,0.17
136e881b,Otávio,3,1,2025-03-22,1,História,7.47,0.88
136e881b,Otávio,3,1,2025-03-25,1,Geografia,4.94,0.06
136e881b,Otávio,3,1,2025-03-14,1,Filosofia,4.76,0.14
136e881b,Otávio,3,1,2025-03-15,1,Sociologia,6.61,0.04
136e881b,Otávio,3,1,2025-03-16,1,Inglês,9.31,0.75
136e881b,Otávio,3,2,2025-06-06,1,Matemática,7.73,0.52
136e881b,Otávio,3,2,2025-06-14,1,Física,0.7,0.69
136e881b,Otávio,3,2,2025-06-28,1,Química,8.66,0.67
136e881b,Otávio,3,2,2025-06-02,1,Biologia,2.88,0.84
136e881b,Otávio,3,2,2025-06-05,1,Português,7.68,0.19
136e881b,Otávio,3,2,2025-06-14,1,História,6.61,0.63
136e881b,Otávio,3,2,2025-06-07,1,Geografia,7.22,0.61
136e881b,Otávio,3,2,2025-06-26,1,Filosofia,1.66,0.28
136e881b,Otávio,3,2,2025-06-13,1,Sociologia,6.49,0.54
136e881b,Otávio,3,2,2025-06-18,1,Inglês,3.63,0.45
136e881b,Otávio,3,3,2025-09-02,1,Matemática,9.29,0.69
136e881b,Otávio,3,3,2025-09-27,1,Física,8.17,0.26
136e881b,Otávio,3,3,2025-09-10,1,Química,4.8,0.92
136e881b,Otávio,3,3,2025-09-06,1,Biologia,7.66,0.4
136e881b,Otávio,3,3,2025-09-25,1,Português,8.43,0.48
136e881b,Otávio,3,3,2025-09-15,1,História,3.68,0.67
136e881b,Otávio,3,3,2025-09-25,1,Geografia,7.91,0.9
136e881b,Otávio,3,3,2025-09-21,1,Filosofia,9.07,0.68
136e881b,Otávio,3,3,2025-09-13,1,Sociologia,2.71,0.13
136e881b,Otávio,3,3,2025-09-24,1,Inglês,4.19,0.57
8a0b02b6,Carlos,3,1,2025-03-05,1,Matemática,2.3,0.95
8a0b02b6,Carlos,3,1,2025-03-15,1,Física,5.41,0.07
8a0b02b6,Carlos,3,1,2025-03-06,1,Química,3.85,0.39
8a0b02b6,Carlos,3,1,2025-03-20,1,Biologia,4.64,0.32
8a0b02b6,Carlos,3,1,2025-03-16,1,Português,1.93,0.81
8a0b02b6,Carlos,3,1,2025-03-08,1,História,4.16,0.69
8a0b02b6,Carlos,3,1,2025-03-12,1,Geografia,5.29,0.48
8a0b02b6,Carlos,3,1,2025-03-21,1,Filosofia,5.43,0.4
8a0b02b6,Carlos,3,1,2025-03-16,1,Sociologia,0.49,0.86
8a0b02b6,Carlos,3,1,2025-03-15,1,Inglês,4.65,0.57
8a0b02b6,Carlos,3,2,2025-06-04,1,Matemática,8.82,0.95
8a0b02b6,Carlos,3,2,2025-06-22,1,Física,9.38,0.05
8a0b02b6,Carlos,3,2,2025-06-04,1,Química,9.44,0.78
8a0b02b6,Carlos,3,2,2025-06-17,1,Biologia,9.56,0.35
8a0b02b6,Carlos,3,2,2025-06-28,1,Português,9.01,0.67
8a0b02b6,Carlos,3,2,2025-06-05,1,História,7.64,0.35
8a0b02b6,Carlos,3,2,2025-06-10,1,Geografia,8.9,0.2
8a0b02b6,Carlos,3,2,2025-06-24,1,Filosofia,5.13,0.72
8a0b02b6,Carlos,3,2,2025-06-02,1,Sociologia,9.29,0.04
8a0b02b6,Carlos,3,2,2025-06-18,1,Inglês,4.02,1.0
8a0b02b6,Carlos,3,3,2025-09-06,1,Matemática,5.0,0.44
8a0b02b6,Carlos,3,3,2025-09-17,1,Física,7.74,0.56
8a0b02b6,Carlos,3,3,2025-09-15,1,Química,5.38,0.89
8a0b02b6,Carlos,3,3,2025-09-11,1,Biologia,9.38,0.05
8a0b02b6,Carlos,3,3,2025-09-01,1,Português,9.92,0.49
8a0b02b6,Carlos,3,3,2025-09-23,1,História,6.28,0.97
8a0b02b6,Carlos,3,3,2025-09-10,1,Geografia,3.81,0.36
8a0b02b6,Carlos,3,3,2025-09-17,1,Filosofia,8.85,0.28
8a0b02b6,Carlos,3,3,2025-09-18,1,Sociologia,8.57,0.8
8a0b02b6,Carlos,3,3,2025-09-01,1,Inglês,1.64,0.08
ba4efb1a,Larissa,3,1,2025-03-24,1,Matemática,7.21,0.56
ba4efb1a,Larissa,3,1,2025-03-20,1,Física,4.93,0.95
ba4efb1a,Larissa,3,1,2025-03-15,1,Química,2.79,0.98
ba4efb1a,Larissa,3,1,2025-03-09,1,Biologia,6.41,0.17
ba4efb1a,Larissa,3,1,2025-03-02,1,Português,7.83,0.72
ba4efb1a,Larissa,3,1,2025-03-24,1,História,8.35,0.3
ba4efb1a,Larissa,3,1,2025-03-08,1,Geografia,3.56,0.63
ba4efb1a,Larissa,3,1,2025-03-27,1,Filosofia,7.52,0.3
ba4efb1a,Larissa,3,1,2025-03-08,1,Sociologia,2.57,0.41
ba4efb1a,Larissa,3,1,2025-03-17,1,Inglês,7.54,0.24
ba4efb1a,Larissa,3,2,2025-06-19,1,Matemática,6.58,0.54
ba4efb1a,Larissa,3,2,2025-06-09,1,Física,4.01,0.18
ba4efb1a,Larissa,3,2,2025-06-25,1,Química,7.75,0.81
ba4efb1a,Larissa,3,2,2025-06-19,1,Biologia,7.95,0.17
ba4efb1a,Larissa,3,2,2025-06-04,1,Português,1.67,0.26
ba4efb1a,Larissa,3,2,2025-06-11,1,História,1.47,0.34
ba4efb1a,Larissa,3,2,2025-06-16,1,Geografia,1.58,0.81
ba4efb1a,Larissa,3,2,2025-06-01,1,Filosofia,4.52,0.78
ba4efb1a,Larissa,3,2,2025-06-06,1,Sociologia,3.11,0.36
ba4efb1a,Larissa,3,2,2025-06-07,1,Inglês,9.46,0.9
ba4efb1a,Larissa,3,3,2025-09-27,1,Matemática,7.23,0.89
ba4efb1a,Larissa,3,3,2025-09-17,1,Física,8.22,0.1
ba4efb1a,Larissa,3,3,2025-09-09,1,Química,3.04,0.79
ba4efb1a,Larissa,3,3,2025-09-23,1,Biologia,5.87,0.84
ba4efb1a,Larissa,3,3,2025-09-26,1,Português,9.84,0.97
ba4efb1a,Larissa,3,3,2025-09-04,1,História,6.35,0.8
ba4efb1a,Larissa,3,3,2025-09-22,1,Geografia,3.51,0.85
ba4efb1a,Larissa,3,3,2025-09-28,1,Filosofia,5.52,0.69
ba4efb1a,Larissa,3,3,2025-09-26,1,Sociologia,6.09,0.11
ba4efb1a,Larissa,3,3,2025-09-23,1,Inglês,7.9,0.58
a17b0504,Otávio,1,1,2025-03-01,2,Matemática,1.09,0.61
a17b0504,Otávio,1,1,2025-03-24,2,Física,8.98,0.81
a17b0504,Otávio,1,1,2025-03-15,2,Química,3.45,0.73
a17b0504,Otávio,1,1,2025-03-03,2,Biologia,8.98,0.17
a17b0504,Otávio,1,1,2025-03-27,2,Português,8.8,0.86
a17b0504,Otávio,1,1,2025-03-22,2,História,4.23,0.92
a17b0504,Otávio,1,1,2025-03-25,2,Geografia,7.48,0.6
a17b0504,Otávio,1,1,2025-03-22,2,Filosofia,3.23,0.14
a17b0504,Otávio,1,1,2025-03-23,2,Sociologia,4.07,0.4
a17b0504,Otávio,1,1,2025-03-04,2,Inglês,7.22,0.92
a17b0504,Otávio,1,2,2025-06-02,2,Matemática,0.44,0.94
a17b0504,Otávio,1,2,2025-06-10,2,Física,7.1,0.11
a17b0504,Otávio,1,2,2025-06-21,2,Química,6.53,0.04
a17b0504,Otávio,1,2,2025-06-08,2,Biologia,9.99,0.74
a17b0504,Otávio,1,2,2025-06-19,2,Português,0.98,0.45
a17b0504,Otávio,1,2,2025-06-17,2,História,5.66,0.19
a17b0504,Otávio,1,2,2025-06-20,2,Geografia,4.7,0.57
a17b0504,Otávio,1,2,2025-06-20,2,Filosofia,6.79,0.32
a17b0504,Otávio,1,2,2025-06-02,2,Sociologia,7.94,0.52
a17b0504,Otávio,1,2,2025-06-25,2,Inglês,2.85,0.63
a17b0504,Otávio,1,3,2025-09-23,2,Matemática,4.08,0.33
a17b0504,Otávio,1,3,2025-09-02,2,Física,3.29,0.66
a17b0504,Otávio,1,3,2025-09-01,2,Química,7.66,0.01
a17b0504,Otávio,1,3,2025-09-17,2,Biologia,7.27,0.25
a17b0504,Otávio,1,3,2025-09-14,2,Português,0.32,0.31
a17b0504,Otávio,1,3,2025-09-24,2,História,6.47,0.17
a17b0504,Otávio,1,3,2025-09-04,2,Geografia,2.01,0.29
a17b0504,Otávio,1,3,2025-09-02,2,Filosofia,5.15,0.01
a17b0504,Otávio,1,3,2025-09-03,2,Sociologia,3.91,0.16
a17b0504,Otávio,1,3,2025-09-06,2,Inglês,8.3,0.38
45193fe8,Helena,1,1,2025-03-08,2,Matemática,8.73,0.75
45193fe8,Helena,1,1,2025-03-08,2,Física,9.6,0.0
45193fe8,Helena,1,1,2025-03-26,2,Química,3.64,0.75
45193fe8,Helena,1,1,2025-03-18,2,Biologia,5.96,0.5
45193fe8,Helena,1,1,2025-03-16,2,Português,2.34,0.33
45193fe8,Helena,1,1,2025-03-17,2,História,0.94,0.59
45193fe8,Helena,1,1,2025-03-02,2,Geografia,9.72,0.48
45193fe8,Helena,1,1,2025-03-08,2,Filosofia,0.89,0.43
45193fe8,Helena,1,1,2025-03-19,2,Sociologia,6.32,0.57
45193fe8,Helena,1,1,2025-03-21,2,Inglês,5.89,0.88
45193fe8,Helena,1,2,2025-06-05,2,Matemática,0.48,0.09
45193fe8,Helena,1,2,2025-06-03,2,Física,7.06,0.33
45193fe8,Helena,1,2,2025-06-15,2,Química,2.49,0.48
45193fe8,Helena,1,2,2025-06-13,2,Biologia,1.5,0.95
45193fe8,Helena,1,2,2025-06-22,2,Português,8.12,0.84
45193fe8,Helena,1,2,2025-06-19,2,História,8.85,0.15
45193fe8,Helena,1,2,2025-06-18,2,Geografia,2.97,0.51
45193fe8,Helena,1,2,2025-06-28,2,Filosofia,6.06,0.71
45193fe8,Helena,1,2,2025-06-08,2,Sociologia,7.95,0.59
45193fe8,Helena,1,2,2025-06-16,2,Inglês,3.21,0.28
45193fe8,Helena,1,3,2025-09-17,2,Matemática,9.36,0.61
45193fe8,Helena,1,3,2025-09-08,2,Física,5.01,0.86
45193fe8,Helena,1,3,2025-09-05,2,Química,6.45,0.53
45193fe8,Helena,1,3,2025-09-19,2,Biologia,4.24,0.78
45193fe8,Helena,1,3,2025-09-19,2,Português,6.57,0.89
45193fe8,Helena,1,3,2025-09-08,2,História,5.19,0.1
45193fe8,Helena,1,3,2025-09-21,2,Geografia,0.03,0.09
45193fe8,Helena,1,3,2025-09-03,2,Filosofia,7.99,0.5
45193fe8,Helena,1,3,2025-09-17,2,Sociologia,7.3,0.63
45193fe8,Helena,1,3,2025-09-24,2,Inglês,6.12,0.45
735da18e,Thiago,1,1,2025-03-17,2,Matemática,5.63,0.28
735da18e,Thiago,1,1,2025-03-26,2,Física,0.68,0.5
735da18e,Thiago,1,1,2025-03-12,2,Química,5.11,0.08
735da18e,Thiago,1,1,2025-03-27,2,Biologia,3.22,0.83
735da18e,Thiago,1,1,2025-03-14,2,Português,2.22,0.79
735da18e,Thiago,1,1,2025-03-23,2,História,1.54,0.29
735da18e,Thiago,1,1,2025-03-07,2,Geografia,9.38,0.59
735da18e,Thiago,1,1,2025-03-02,2,Filosofia,7.12,0.15
735da18e,Thiago,1,1,2025-03-21,2,Sociologia,9.16,0.77
735da18e,Thiago,1,1,2025-03-08,2,Inglês,3.37,0.58
735da18e,Thiago,1,2,2025-06-11,2,Matemática,1.88,0.59
735da18e,Thiago,1,2,2025-06-13,2,Física,1.74,0.07
735da18e,Thiago,1,2,2025-06-18,2,Química,4.02,0.9
735da18e,Thiago,1,2,2025-06-12,2,Biologia,2.85,0.57
735da18e,Thiago,1,2,2025-06-09,2,Português,7.8,0.85
735da18e,Thiago,1,2,2025-06-09,2,História,9.97,0.12
735da18e,Thiago,1,2,2025-06-14,2,Geografia,6.25,0.99
735da18e,Thiago,1,2,2025-06-22,2,Filosofia,4.74,0.37
735da18e,Thiago,1,2,2025-06-09,2,Sociologia,1.85,0.39
735da18e,Thiago,1,2,2025-06-01,2,Inglês,2.91,0.63
735da18e,Thiago,1,3,2025-09-03,2,Matemática,1.49,0.8
735da18e,Thiago,1,3,2025-09-19,2,Física,4.19,0.49
735da18e,Thiago,1,3,2025-09-14,2,Química,4.64,0.16
735da18e,Thiago,1,3,2025-09-23,2,Biologia,6.57,0.29
735da18e,Thiago,1,3,2025-09-10,2,Português,3.28,0.32
735da18e,Thiago,1,3,2025-09-22,2,História,0.04,0.2
735da18e,Thiago,1,3,2025-09-19,2,Geografia,7.14,0.67
735da18e,Thiago,1,3,2025-09-26,2,Filosofia,1.16,0.12
735da18e,Thiago,1,3,2025-09-03,2,Sociologia,9.83,0.05
735da18e,Thiago,1,3,2025-09-14,2,Inglês,5.96,0.25
4b0b4143,Gabriel,1,1,2025-03-27,2,Matemática,6.5,0.59
4b0b4143,Gabriel,1,1,2025-03-06,2,Física,2.46,0.53
4b0b4143,Gabriel,1,1,2025-03-03,2,Química,0.99,0.64
4b0b4143,Gabriel,1,1,2025-03-22,2,Biologia,9.24,0.87
4b0b4143,Gabriel,1,1,2025-03-18,2,Português,4.75,0.26
4b0b4143,Gabriel,1,1,2025-03-28,2,História,7.61,0.54
4b0b4143,Gabriel,1,1,2025-03-06,2,Geografia,2.38,0.97
4b0b4143,Gabriel,1,1,2025-03-09,2,Filosofia,4.69,0.28
4b0b4143,Gabriel,1,1,2025-03-03,2,Sociologia,5.18,0.11
4b0b4143,Gabriel,1,1,2025-03-04,2,Inglês,7.31,0.9
4b0b4143,Gabriel,1,2,2025-06-24,2,Matemática,2.19,0.81
4b0b4143,Gabriel,1,2,2025-06-11,2,Física,1.27,0.81
4b0b4143,Gabriel,1,2,2025-06-25,2,Química,2.98,0.42
4b0b4143,Gabriel,1,2,2025-06-21,2,Biologia,8.78,0.21
4b0b4143,Gabriel,1,2,2025-06-28,2,Português,0.72,0.77
4b0b4143,Gabriel,1,2,2025-06-25,2,História,3.88,0.23
4b0b4143,Gabriel,1,2,2025-06-05,2,Geografia,2.4,0.53
4b0b4143,Gabriel,1,2,2025-06-15,2,Filosofia,3.26,0.74
4b0b4143,Gabriel,1,2,2025-06-20,2,Sociologia,9.58,0.92
4b0b4143,Gabriel,1,2,2025-06-12,2,Inglês,1.2,0.95
4b0b4143,Gabriel,1,3,2025-09-26,2,Matemática,7.08,0.11
4b0b4143,Gabriel,1,3,2025-09-13,2,Física,0.93,0.72
4b0b4143,Gabriel,1,3,2025-09-24,2,Química,4.02,0.76
4b0b4143,Gabriel,1,3,2025-09-17,2,Biologia,2.84,0.19
4b0b4143,Gabriel,1,3,2025-09-06,2,Português,4.68,0.22
4b0b4143,Gabriel,1,3,2025-09-11,2,História,3.35,0.66
4b0b4143,Gabriel,1,3,2025-09-10,2,Geografia,4.42,0.22
4b0b4143,Gabriel,1,3,2025-09-10,2,Filosofia,8.29,0.32
4b0b4143,Gabriel,1,3,2025-09-24,2,Sociologia,3.26,0.6
4b0b4143,Gabriel,1,3,2025-09-11,2,Inglês,7.29,0.7
05db83c4,Otávio,1,1,2025-03-05,2,Matemática,7.44,0.37
05db83c4,Otávio,1,1,2025-03-16,2,Física,7.53,0.88
05db83c4,Otávio,1,1,2025-03-20,2,Química,6.6,0.11
05db83c4,Otávio,1,1,2025-03-04,2,Biologia,0.84,0.4
05db83c4,Otávio,1,1,2025-03-06,2,Português,8.23,0.3
05db83c4,Otávio,1,1,2025-03-01,2,História,8.86,0.54
05db83c4,Otávio,1,1,2025-03-08,2,Geografia,1.92,0.3
05db83c4,Otávio,1,1,2025-03-11,2,Filosofia,9.37,0.17
05db83c4,Otávio,1,1,2025-03-25,2,Sociologia,9.14,0.44
05db83c4,Otávio,1,1,2025-03-22,2,Inglês,4.97,0.86
05db83c4,Otávio,1,2,2025-06-03,2,Matemática,5.82,0.93
05db83c4,Otávio,1,2,2025-06-24,2,Física,1.06,0.64
05db83c4,Otávio,1,2,2025-06-14,2,Química,1.8,0.07
05db83c4,Otávio,1,2,2025-06-06,2,Biologia,6.79,0.59
05db83c4,Otávio,1,2,2025-06-01,2,Português,7.22,0.92
05db83c4,Otávio,1,2,2025-06-23,2,História,0.13,0.1
05db83c4,Otávio,1,2,2025-06-08,2,Geografia,9.84,0.52
05db83c4,Otávio,1,2,2025-06-14,2,Filosofia,9.33,0.6
05db83c4,Otávio,1,2,2025-06-18,2,Sociologia,1.8,0.38
05db83c4,Otávio,1,2,2025-06-14,2,Inglês,4.02,0.96
05db83c4,Otávio,1,3,2025-09-19,2,Matemática,8.03,0.21
05db83c4,Otávio,1,3,2025-09-08,2,Física,9.5,0.08
05db83c4,Otávio,1,3,2025-09-25,2,Química,1.12,0.95
05db83c4,Otávio,1,3,2025-09-17,2,Biologia,1.43,0.75
05db83c4,Otávio,1,3,2025-09-15,2,Português,1.31,0.07
05db83c4,Otávio,1,3,2025-09-26,2,História,6.95,0.03
05db83c4,Otávio,1,3,2025-09-06,2,Geografia,4.1,0.06
05db83c4,Otávio,1,3,2025-09-11,2,Filosofia,8.48,0.68
05db83c4,Otávio,1,3,2025-09-20,2,Sociologia,9.93,0.45
05db83c4,Otávio,1,3,2025-09-22,2,Inglês,7.19,0.32
e18dea18,Otávio,1,1,2025-03-23,2,Matemática,0.94,0.44
e18dea18,Otávio,1,1,2025-03-02,2,Física,1.83,0.27
e18dea18,Otávio,1,1,2025-03-01,2,Química,2.44,0.34
e18dea18,Otávio,1,1,2025-03-23,2,Biologia,9.56,0.96
e18dea18,Otávio,1,1,2025-03-18,2,Português,3.79,0.14
e18dea18,Otávio,1,1,2025-03-21,2,História,6.51,0.16
e18dea18,Otávio,1,1,2025-03-01,2,Geografia,6.52,0.78
e18dea18,Otávio,1,1,2025-03-24,2,Filosofia,0.14,0.66
e18dea18,Otávio,1,1,2025-03-09,2,Sociologia,3.9,1.0
e18dea18,Otávio,1,1,2025-03-02,2,Inglês,1.84,0.25
e18dea18,Otávio,1,2,2025-06-14,2,Matemática,0.81,0.75
e18dea18,Otávio,1,2,2025-06-24,2,Física,3.36,0.08
e18dea18,Otávio,1,2,2025-06-13,2,Química,3.95,0.05
e18dea18,Otávio,1,2,2025-06-04,2,Biologia,7.15,0.74
e18dea18,Otávio,1,2,2025-06-26,2,Português,0.52,0.37
e18dea18,Otávio,1,2,2025-06-06,2,História,6.59,0.56
e18dea18,Otávio,1,2,2025-06-21,2,Geografia,2.56,0.46
e18dea18,Otávio,1,2,2025-06-15,2,Filosofia,0.04,0.75
e18dea18,Otávio,1,2,2025-06-27,2,Sociologia,0.68,0.26
e18dea18,Otávio,1,2,2025-06-16,2,Inglês,0.39,0.04
e18dea18,Otávio,1,3,2025-09-24,2,Matemática,5.0,0.07
e18dea18,Otávio,1,3,2025-09-26,2,Física,0.73,0.95
e18dea18,Otávio,1,3,2025-09-03,2,Química,5.0,0.9
e18dea18,Otávio,1,3,2025-09-17,2,Biologia,0.39,0.49
e18dea18,Otávio,1,3,2025-09-07,2,Português,4.41,0.8
e18dea18,Otávio,1,3,2025-09-27,2,História,4.2,0.28
e18dea18,Otávio,1,3,2025-09-12,2,Geografia,1.31,0.33
e18dea18,Otávio,1,3,2025-09-11,2,Filosofia,4.82,0.42
e18dea18,Otávio,1,3,2025-09-23,2,Sociologia,6.7,0.39
e18dea18,Otávio,1,3,2025-09-02,2,Inglês,6.17,0.92
2a56d990,Helena,1,1,2025-03-16,2,Matemática,1.12,0.67
2a56d990,Helena,1,1,2025-03-10,2,Física,1.37,0.68
2a56d990,Helena,1,1,2025-03-05,2,Química,0.38,0.03
2a56d990,Helena,1,1,2025-03-16,2,Biologia,9.21,0.62
2a56d990,Helena,1,1,2025-03-24,2,Português,1.68,0.29
2a56d990,Helena,1,1,2025-03-01,2,História,8.14,0.69
2a56d990,Helena,1,1,2025-03-02,2,Geografia,3.76,0.94
2a56d990,Helena,1,1,2025-03-28,2,Filosofia,4.14,0.36
2a56d990,Helena,1,1,2025-03-13,2,Sociologia,7.3,0.13
2a56d990,Helena,1,1,2025-03-09,2,Inglês,4.68,0.54
2a56d990,Helena,1,2,2025-06-14,2,Matemática,2.9,0.88
2a56d990,Helena,1,2,2025-06-02,2,Física,4.86,0.92
2a56d990,Helena,1,2,2025-06-10,2,Química,1.13,0.24
2a56d990,Helena,1,2,2025-06-22,2,Biologia,8.53,0.84
2a56d990,Helena,1,2,2025-06-20,2,Português,0.52,0.96
2a56d990,Helena,1,2,2025-06-05,2,História,3.04,0.09
2a56d990,Helena,1,2,2025-06-03,2,Geografia,4.52,0.46
2a56d990,Helena,1,2,2025-06-18,2,Filosofia,7.97,0.05
2a56d990,Helena,1,2,2025-06-13,2,Sociologia,3.54,0.78
2a56d990,Helena,1,2,2025-06-05,2,Inglês,6.21,0.26
2a56d990,Helena,1,3,2025-09-24,2,Matemática,3.41,0.36
2a56d990,Helena,1,3,2025-09-02,2,Física,2.05,0.86
2a56d990,Helena,1,3,2025-09-26,2,Química,8.79,0.25
2a56d990,Helena,1,3,2025-09-03,2,Biologia,4.51,0.43
2a56d990,Helena,1,3,2025-09-14,2,Português,5.39,0.92
2a56d990,Helena,1,3,2025-09-13,2,História,1.39,0.38
2a56d990,Helena,1,3,2025-09-21,2,Geografia,8.89,0.99
2a56d990,Helena,1,3,2025-09-08,2,Filosofia,2.41,0.98
2a56d990,Helena,1,3,2025-09-11,2,Sociologia,8.25,0.4
2a56d990,Helena,1,3,2025-09-22,2,Inglês,2.05,0.59
85b6c642,Carlos,1,1,2025-03-26,2,Matemática,8.37,0.37
85b6c642,Carlos,1,1,2025-03-01,2,Física,4.19,0.89
85b6c642,Carlos,1,1,2025-03-24,2,Química,8.62,0.57
85b6c642,Carlos,1,1,2025-03-23,2,Biologia,5.31,0.98
85b6c642,Carlos,1,1,2025-03-05,2,Português,0.85,0.37
85b6c642,Carlos,1,1,2025-03-15,2,História,9.16,0.2
85b6c642,Carlos,1,1,2025-03-09,2,Geografia,9.42,0.19
85b6c642,Carlos,1,1,2025-03-18,2,Filosofia,2.27,0.82
85b6c642,Carlos,1,1,2025-03-10,2,Sociologia,1.5,0.77
85b6c642,Carlos,1,1,2025-03-15,2,Inglês,1.2,0.97
85b6c642,Carlos,1,2,2025-06-15,2,Matemática,5.13,0.83
85b6c642,Carlos,1,2,2025-06-17,2,Física,0.75,0.89
85b6c642,Carlos,1,2,2025-06-10,2,Química,5.06,0.24
85b6c642,Carlos,1,2,2025-06-17,2,Biologia,2.31,0.63
85b6c642,Carlos,1,2,2025-06-28,2,Português,9.55,0.63
85b6c642,Carlos,1,2,2025-06-27,2,História,1.76,0.09
85b6c642,Carlos,1,2,2025-06-14,2,Geografia,7.0,0.45
85b6c642,Carlos,1,2,2025-06-21,2,Filosofia,3.1,0.57
85b6c642,Carlos,1,2,2025-06-06,2,Sociologia,3.67,0.96
85b6c642,Carlos,1,2,2025-06-24,2,Inglês,9.84,0.82
85b6c642,Carlos,1,3,2025-09-18,2,Matemática,2.18,0.2
85b6c642,Carlos,1,3,2025-09-07,2,Física,6.31,0.7
85b6c642,Carlos,1,3,2025-09-15,2,Química,9.04,0.65
85b6c642,Carlos,1,3,2025-09-04,2,Biologia,5.57,0.02
85b6c642,Carlos,1,3,2025-09-14,2,Português,8.3,0.92
85b6c642,Carlos,1,3,2025-09-12,2,História,5.59,0.99
85b6c642,Carlos,1,3,2025-09-17,2,Geografia,7.63,0.01
85b6c642,Carlos,1,3,2025-09-07,2,Filosofia,5.15,0.18
85b6c642,Carlos,1,3,2025-09-12,2,Sociologia,5.3,0.95
85b6c642,Carlos,1,3,2025-09-11,2,Inglês,6.62,0.07
83fe64ec,Carlos,1,1,2025-03-18,2,Matemática,9.6,0.1
83fe64ec,Carlos,1,1,2025-03-03,2,Física,5.35,0.66
83fe64ec,Carlos,1,1,2025-03-02,2,Química,0.66,0.96
83fe64ec,Carlos,1,1,2025-03-20,2,Biologia,3.78,0.72
83fe64ec,Carlos,1,1,2025-03-08,2,Português,0.35,0.29
83fe64ec,Carlos,1,1,2025-03-06,2,História,0.88,0.39
83fe64ec,Carlos,1,1,2025-03-14,2,Geografia,5.83,0.97
83fe64ec,Carlos,1,1,2025-03-21,2,Filosofia,5.62,0.64
83fe64ec,Carlos,1,1,2025-03-03,2,Sociologia,4.69,0.28
83fe64ec,Carlos,1,1,2025-03-24,2,Inglês,4.43,0.37
83fe64ec,Carlos,1,2,2025-06-06,2,Matemática,1.45,0.46
83fe64ec,Carlos,1,2,2025-06-17,2,Física,3.5,0.96
83fe64ec,Carlos,1,2,2025-06-23,2,Química,3.52,0.3
83fe64ec,Carlos,1,2,2025-06-28,2,Biologia,6.83,0.0
83fe64ec,Carlos,1,2,2025-06-01,2,Português,9.81,0.2
83fe64ec,Carlos,1,2,2025-06-19,2,História,8.99,0.47
83fe64ec,Carlos,1,2,2025-06-08,2,Geografia,0.86,0.33
83fe64ec,Carlos,1,2,2025-06-24,2,Filosofia,6.22,0.6
83fe64ec,Carlos,1,2,2025-06-28,2,Sociologia,7.91,0.89
83fe64ec,Carlos,1,2,2025-06-22,2,Inglês,0.82,0.01
83fe64ec,Carlos,1,3,2025-09-03,2,Matemática,0.63,0.63
83fe64ec,Carlos,1,3,2025-09-07,2,Física,2.94,0.09
83fe64ec,Carlos,1,3,2025-09-05,2,Química,8.4,0.72
83fe64ec,Carlos,1,3,2025-09-07,2,Biologia,5.85,0.64
83fe64ec,Carlos,1,3,2025-09-24,2,Português,1.97,0.33
83fe64ec,Carlos,1,3,2025-09-25,2,História,5.55,0.72
83fe64ec,Carlos,1,3,2025-09-06,2,Geografia,3.92,0.57
83fe64ec,Carlos,1,3,2025-09-28,2,Filosofia,8.37,0.72
83fe64ec,Carlos,1,3,2025-09-10,2,Sociologia,9.14,0.46
83fe64ec,Carlos,1,3,2025-09-14,2,Inglês,0.85,0.57
1a95356d,Otávio,1,1,2025-03-20,2,Matemática,6.11,0.71
1a95356d,Otávio,1,1,2025-03-07,2,Física,9.59,0.64
1a95356d,Otávio,1,1,2025-03-21,2,Química,8.13,0.37
1a95356d,Otávio,1,1,2025-03-22,2,Biologia,0.66,0.96
1a95356d,Otávio,1,1,2025-03-06,2,Português,5.73,0.27
1a95356d,Otávio,1,1,2025-03-05,2,História,7.52,0.75
1a95356d,Otávio,1,1,2025-03-04,2,Geografia,7.51,0.82
1a95356d,Otávio,1,1,2025-03-12,2,Filosofia,6.56,0.06
1a95356d,Otávio,1,1,2025-03-22,2,Sociologia,8.37,0.65
1a95356d,Otávio,1,1,2025-03-24,2,Inglês,0.23,0.21
1a95356d,Otávio,1,2,2025-06-07,2,Matemática,4.03,0.29
1a95356d,Otávio,1,2,2025-06-08,2,Física,1.36,0.59
1a95356d,Otávio,1,2,2025-06-08,2,Química,7.31,0.0
1a95356d,Otávio,1,2,2025-06-12,2,Biologia,3.54,0.24
1a95356d,Otávio,1,2,2025-06-02,2,Português,1.04,0.69
1a95356d,Otávio,1,2,2025-06-13,2,História,8.37,0.55
1a95356d,Otávio,1,2,2025-06-21,2,Geografia,2.68,0.04
1a95356d,Otávio,1,2,2025-06-18,2,Filosofia,5.44,0.0
1a95356d,Otávio,1,2,2025-06-20,2,Sociologia,1.68,0.12
1a95356d,Otávio,1,2,2025-06-08,2,Inglês,0.58,0.05
1a95356d,Otávio,1,3,2025-09-25,2,Matemática,3.29,0.37
1a95356d,Otávio,1,3,2025-09-14,2,Física,7.01,0.54
1a95356d,Otávio,1,3,2025-09-25,2,Química,8.93,0.88
1a95356d,Otávio,1,3,2025-09-01,2,Biologia,6.88,0.95
1a95356d,Otávio,1,3,2025-09-27,2,Português,0.72,0.73
1a95356d,Otávio,1,3,2025-09-18,2,História,5.9,0.35
1a95356d,Otávio,1,3,2025-09-20,2,Geografia,1.38,0.63
1a95356d,Otávio,1,3,2025-09-15,2,Filosofia,8.9,0.06
1a95356d,Otávio,1,3,2025-09-07,2,Sociologia,3.71,0.97
1a95356d,Otávio,1,3,2025-09-19,2,Inglês,6.45,0.93
2678384b,Helena,2,1,2025-03-01,2,Matemática,7.85,0.88
2678384b,Helena,2,1,2025-03-06,2,Física,3.7,0.17
2678384b,Helena,2,1,2025-03-27,2,Química,9.25,0.64
2678384b,Helena,2,1,2025-03-11,2,Biologia,8.73,0.25
2678384b,Helena,2,1,2025-03-04,2,Português,6.03,0.44
2678384b,Helena,2,1,2025-03-06,2,História,8.53,0.86
2678384b,Helena,2,1,2025-03-06,2,Geografia,9.4,0.02
2678384b,Helena,2,1,2025-03-28,2,Filosofia,8.75,0.48
2678384b,Helena,2,1,2025-03-17,2,Sociologia,3.38,0.41
2678384b,Helena,2,1,2025-03-24,2,Inglês,2.44,0.9
2678384b,Helena,2,2,2025-06-08,2,Matemática,6.03,0.14
2678384b,Helena,2,2,2025-06-25,2,Física,2.1,0.05
2678384b,Helena,2,2,2025-06-12,2,Química,5.05,0.19
2678384b,Helena,2,2,2025-06-06,2,Biologia,4.61,0.34
2678384b,Helena,2,2,2025-06-12,2,Português,9.89,0.5
2678384b,Helena,2,2,2025-06-20,2,História,0.44,0.97
2678384b,Helena,2,2,2025-06-02,2,Geografia,6.32,0.57
2678384b,Helena,2,2,2025-06-01,2,Filosofia,7.37,0.02
2678384b,Helena,2,2,2025-06-13,2,Sociologia,4.55,0.54
2678384b,Helena,2,2,2025-06-26,2,Inglês,5.29,0.58
2678384b,Helena,2,3,2025-09-21,2,Matemática,9.2,0.33
2678384b,Helena,2,3,2025-09-16,2,Física,5.69,0.59
2678384b,Helena,2,3,2025-09-03,2,Química,0.47,0.13
2678384b,Helena,2,3,2025-09-19,2,Biologia,2.76,0.94
2678384b,Helena,2,3,2025-09-16,2,Português,9.3,0.24
2678384b,Helena,2,3,2025-09-19,2,História,8.83,0.23
2678384b,Helena,2,3,2025-09-05,2,Geografia,2.69,0.86
2678384b,Helena,2,3,2025-09-15,2,Filosofia,0.91,0.31
2678384b,Helena,2,3,2025-09-09,2,Sociologia,5.51,0.71
2678384b,Helena,2,3,2025-09-11,2,Inglês,5.24,0.53
7ba612ba,Eduardo,2,1,2025-03-18,2,Matemática,5.0,0.14
7ba612ba,Eduardo,2,1,2025-03-27,2,Física,8.07,0.68
7ba612ba,Eduardo,2,1,2025-03-13,2,Química,9.99,0.04
7ba612ba,Eduardo,2,1,2025-03-11,2,Biologia,4.08,0.73
7ba612ba,Eduardo,2,1,2025-03-02,2,Português,8.67,0.37
7ba612ba,Eduardo,2,1,2025-03-12,2,História,4.17,0.82
7ba612ba,Eduardo,2,1,2025-03-20,2,Geografia,8.17,0.48
7ba612ba,Eduardo,2,1,2025-03-28,2,Filosofia,4.39,0.58
7ba612ba,Eduardo,2,1,2025-03-20,2,Sociologia,4.43,0.39
7ba612ba,Eduardo,2,1,2025-03-25,2,Inglês,2.1,0.06
7ba612ba,Eduardo,2,2,2025-06-03,2,Matemática,5.27,0.85
7ba612ba,Eduardo,2,2,2025-06-03,2,Física,4.81,0.3
7ba612ba,Eduardo,2,2,2025-06-20,2,Química,4.55,0.28
7ba612ba,Eduardo,2,2,2025-06-26,2,Biologia,7.59,0.15
7ba612ba,Eduardo,2,2,2025-06-12,2,Português,0.24,0.9
7ba612ba,Eduardo,2,2,2025-06-24,2,História,2.84,0.8
7ba612ba,Eduardo,2,2,2025-06-10,2,Geografia,2.84,0.73
7ba612ba,Eduardo,2,2,2025-06-17,2,Filosofia,4.39,0.7
7ba612ba,Eduardo,2,2,2025-06-25,2,Sociologia,0.06,0.44
7ba612ba,Eduardo,2,2,2025-06-06,2,Inglês,1.05,0.31
7ba612ba,Eduardo,2,3,2025-09-01,2,Matemática,4.14,0.64
7ba612ba,Eduardo,2,3,2025-09-04,2,Física,7.69,0.77
7ba612ba,Eduardo,2,3,2025-09-09,2,Química,1.64,0.55
7ba612ba,Eduardo,2,3,2025-09-10,2,Biologia,2.41,0.12
7ba612ba,Eduardo,2,3,2025-09-10,2,Português,7.98,0.06
7ba612ba,Eduardo,2,3,2025-09-13,2,História,7.17,0.9
7ba612ba,Eduardo,2,3,2025-09-17,2,Geografia,3.78,0.71
7ba612ba,Eduardo,2,3,2025-09-27,2,Filosofia,7.61,0.51
7ba612ba,Eduardo,2,3,2025-09-04,2,Sociologia,6.56,0.53
7ba612ba,Eduardo,2,3,2025-09-23,2,Inglês,8.09,0.44
e15e9f77,Larissa,2,1,2025-03-15,2,Matemática,2.53,0.73
e15e9f77,Larissa,2,1,2025-03-17,2,Física,7.64,0.1
e15e9f77,Larissa,2,1,2025-03-28,2,Química,2.11,0.17
e15e9f77,Larissa,2,1,2025-03-23,2,Biologia,7.34,0.63
e15e9f77,Larissa,2,1,2025-03-16,2,Português,6.03,0.88
e15e9f77,Larissa,2,1,2025-03-27,2,História,9.64,0.49
e15e9f77,Larissa,2,1,2025-03-15,2,Geografia,8.5,0.58
e15e9f77,Larissa,2,1,2025-03-14,2,Filosofia,5.27,0.41
e15e9f77,Larissa,2,1,2025-03-24,2,Sociologia,8.5,0.44
e15e9f77,Larissa,2,1,2025-03-07,2,Inglês,2.63,0.59
e15e9f77,Larissa,2,2,2025-06-21,2,Matemática,6.37,0.75
e15e9f77,Larissa,2,2,2025-06-11,2,Física,0.02,0.55
e15e9f77,Larissa,2,2,2025-06-06,2,Química,9.31,0.74
e15e9f77,Larissa,2,2,2025-06-01,2,Biologia,5.55,0.8
e15e9f77,Larissa,2,2,2025-06-15,2,Português,7.11,0.24
e15e9f77,Larissa,2,2,2025-06-05,2,História,2.28,0.26
e15e9f77,Larissa,2,2,2025-06-01,2,Geografia,3.46,0.52
e15e9f77,Larissa,2,2,2025-06-04,2,Filosofia,7.02,0.08
e15e9f77,Larissa,2,2,2025-06-03,2,Sociologia,7.54,0.16
e15e9f77,Larissa,2,2,2025-06-15,2,Inglês,8.2,0.97
e15e9f77,Larissa,2,3,2025-09-24,2,Matemática,9.1,0.32
e15e9f77,Larissa,2,3,2025-09-26,2,Física,5.28,0.77
e15e9f77,Larissa,2,3,2025-09-22,2,Química,9.36,0.7
e15e9f77,Larissa,2,3,2025-09-06,2,Biologia,7.92,0.23
e15e9f77,Larissa,2,3,2025-09-21,2,Português,3.88,0.34
e15e9f77,Larissa,2,3,2025-09-06,2,História,6.52,0.82
e15e9f77,Larissa,2,3,2025-09-02,2,Geografia,8.38,0.21
e15e9f77,Larissa,2,3,2025-09-24,2,Filosofia,7.84,0.14
e15e9f77,Larissa,2,3,2025-09-13,2,Sociologia,3.49,0.06
e15e9f77,Larissa,2,3,2025-09-27,2,Inglês,7.86,0.3
2d7c7e0a,Igor,2,1,2025-03-03,2,Matemática,4.98,0.34
2d7c7e0a,Igor,2,1,2025-03-08,2,Física,3.82,0.57
2d7c7e0a,Igor,2,1,2025-03-28,2,Química,0.62,0.15
2d7c7e0a,Igor,2,1,2025-03-14,2,Biologia,5.31,0.94
2d7c7e0a,Igor,2,1,2025-03-23,2,Português,1.05,0.23
2d7c7e0a,Igor,2,1,2025-03-25,2,História,6.67,0.71
2d7c7e0a,Igor,2,1,2025-03-08,2,Geografia,5.81,0.54
2d7c7e0a,Igor,2,1,2025-03-06,2,Filosofia,4.89,0.1
2d7c7e0a,Igor,2,1,2025-03-18,2,Sociologia,2.19,0.32
2d7c7e0a,Igor,2,1,2025-03-27,2,Inglês,0.31,0.52
2d7c7e0a,Igor,2,2,2025-06-15,2,Matemática,7.19,0.56
2d7c7e0a,Igor,2,2,2025-06-25,2,Física,1.49,0.4
2d7c7e0a,Igor,2,2,2025-06-18,2,Química,8.0,0.55
2d7c7e0a,Igor,2,2,2025-06-02,2,Biologia,0.64,0.54
2d7c7e0a,Igor,2,2,2025-06-25,2,Português,3.4,0.93
2d7c7e0a,Igor,2,2,2025-06-14,2,História,2.06,0.66
2d7c7e0a,Igor,2,2,2025-06-01,2,Geografia,8.94,0.83
2d7c7e0a,Igor,2,2,2025-06-24,2,Filosofia,6.77,0.15
2d7c7e0a,Igor,2,2,2025-06-22,2,Sociologia,8.64,0.67
2d7c7e0a,Igor,2,2,2025-06-06,2,Inglês,1.96,0.74
2d7c7e0a,Igor,2,3,2025-09-13,2,Matemática,4.25,0.37
2d7c7e0a,Igor,2,3,2025-09-03,2,Física,5.12,0.75
2d7c7e0a,Igor,2,3,2025-09-08,2,Química,5.86,0.94
2d7c7e0a,Igor,2,3,2025-09-15,2,Biologia,8.22,0.38
2d7c7e0a,Igor,2,3,2025-09-01,2,Português,0.4,0.98
2d7c7e0a,Igor,2,3,2025-09-05,2,História,4.54,0.05
2d7c7e0a,Igor,2,3,2025-09-27,2,Geografia,3.57,0.06
2d7c7e0a,Igor,2,3,2025-09-23,2,Filosofia,1.28,0.31
2d7c7e0a,Igor,2,3,2025-09-27,2,Sociologia,3.76,0.21
2d7c7e0a,Igor,2,3,2025-09-22,2,Inglês,9.82,0.61
09d257de,Larissa,2,1,2025-03-05,2,Matemática,8.75,0.43
09d257de,Larissa,2,1,2025-03-24,2,Física,6.47,0.33
09d257de,Larissa,2,1,2025-03-12,2,Química,2.94,0.82
09d257de,Larissa,2,1,2025-03-28,2,Biologia,8.79,0.11
09d257de,Larissa,2,1,2025-03-12,2,Português,4.41,0.05
09d257de,Larissa,2,1,2025-03-04,2,História,9.19,0.11
09d257de,Larissa,2,1,2025-03-19,2,Geografia,9.25,0.5
09d257de,Larissa,2,1,2025-03-10,2,Filosofia,8.11,0.11
09d257de,Larissa,2,1,2025-03-10,2,Sociologia,8.3,0.65
09d257de,Larissa,2,1,2025-03-27,2,Inglês,6.52,0.69
09d257de,Larissa,2,2,2025-06-17,2,Matemática,1.05,0.2
09d257de,Larissa,2,2,2025-06-05,2,Física,7.58,0.91
09d257de,Larissa,2,2,2025-06-13,2,Química,1.92,0.4
09d257de,Larissa,2,2,2025-06-16,2,Biologia,2.12,0.67
09d257de,Larissa,2,2,2025-06-27,2,Português,6.01,0.44
09d257de,Larissa,2,2,2025-06-13,2,História,3.64,0.31
09d257de,Larissa,2,2,2025-06-18,2,Geografia,4.22,0.0
09d257de,Larissa,2,2,2025-06-06,2,Filosofia,0.03,0.0
09d257de,Larissa,2,2,2025-06-16,2,Sociologia,2.46,0.89
09d257de,Larissa,2,2,2025-06-14,2,Inglês,2.47,0.41
09d257de,Larissa,2,3,2025-09-14,2,Matemática,1.91,0.49
09d257de,Larissa,2,3,2025-09-25,2,Física,7.42,0.9
09d257de,Larissa,2,3,2025-09-01,2,Química,7.68,0.46
09d257de,Larissa,2,3,2025-09-15,2,Biologia,3.08,0.8
09d257de,Larissa,2,3,2025-09-28,2,Português,1.73,0.43
09d257de,Larissa,2,3,2025-09-25,2,História,5.62,0.63
09d257de,Larissa,2,3,2025-09-08,2,Geografia,5.44,0.02
09d257de,Larissa,2,3,2025-09-19,2,Filosofia,6.59,0.0
09d257de,Larissa,2,3,2025-09-12,2,Sociologia,5.0,0.2
09d257de,Larissa,2,3,2025-09-09,2,Inglês,2.65,0.89
5f05a6ec,Gabriel,2,1,2025-03-08,2,Matemática,7.06,0.67
5f05a6ec,Gabriel,2,1,2025-03-24,2,Física,9.36,0.32
5f05a6ec,Gabriel,2,1,2025-03-17,2,Química,8.23,0.74
5f05a6ec,Gabriel,2,1,2025-03-20,2,Biologia,7.98,0.94
5f05a6ec,Gabriel,2,1,2025-03-24,2,Português,7.77,0.23
5f05a6ec,Gabriel,2,1,2025-03-09,2,História,8.23,0.14
5f05a6ec,Gabriel,2,1,2025-03-14,2,Geografia,2.14,0.58
5f05a6ec,Gabriel,2,1,2025-03-05,2,Filosofia,8.75,0.16
5f05a6ec,Gabriel,2,1,2025-03-23,2,Sociologia,6.01,0.56
5f05a6ec,Gabriel,2,1,2025-03-22,2,Inglês,9.64,0.11
5f05a6ec,Gabriel,2,2,2025-06-09,2,Matemática,4.53,0.75
5f05a6ec,Gabriel,2,2,2025-06-16,2,Física,3.16,0.14
5f05a6ec,Gabriel,2,2,2025-06-06,2,Química,3.52,0.95
5f05a6ec,Gabriel,2,2,2025-06-21,2,Biologia,8.1,0.74
5f05a6ec,Gabriel,2,2,2025-06-06,2,Português,4.96,0.13
5f05a6ec,Gabriel,2,2,2025-06-19,2,História,3.95,0.62
5f05a6ec,Gabriel,2,2,2025-06-28,2,Geografia,1.55,0.37
5f05a6ec,Gabriel,2,2,2025-06-17,2,Filosofia,7.77,0.57
5f05a6ec,Gabriel,2,2,2025-06-06,2,Sociologia,8.39,0.48
5f05a6ec,Gabriel,2,2,2025-06-27,2,Inglês,6.32,0.21
5f05a6ec,Gabriel,2,3,2025-09-27,2,Matemática,7.5,0.83
5f05a6ec,Gabriel,2,3,2025-09-07,2,Física,8.33,0.96
5f05a6ec,Gabriel,2,3,2025-09-16,2,Química,5.46,0.36
5f05a6ec,Gabriel,2,3,2025-09-25,2,Biologia,4.04,0.25
5f05a6ec,Gabriel,2,3,2025-09-02,2,Português,5.34,0.56
5f05a6ec,Gabriel,2,3,2025-09-11,2,História,1.88,0.9
5f05a6ec,Gabriel,2,3,2025-09-24,2,Geografia,7.23,0.78
5f05a6ec,Gabriel,2,3,2025-09-06,2,Filosofia,5.58,0.81
5f05a6ec,Gabriel,2,3,2025-09-06,2,Sociologia,7.58,0.33
5f05a6ec,Gabriel,2,3,2025-09-22,2,Inglês,1.36,0.01
8cb8a910,Fernanda,2,1,2025-03-02,2,Matemática,1.82,0.45
8cb8a910,Fernanda,2,1,2025-03-06,2,Física,7.85,0.6
8cb8a910,Fernanda,2,1,2025-03-05,2,Química,3.67,0.49
8cb8a910,Fernanda,2,1,2025-03-25,2,Biologia,4.23,0.78
8cb8a910,Fernanda,2,1,2025-03-12,2,Português,7.31,0.59
8cb8a910,Fernanda,2,1,2025-03-06,2,História,4.03,0.89
8cb8a910,Fernanda,2,1,2025-03-26,2,Geografia,7.67,0.93
8cb8a910,Fernanda,2,1,2025-03-28,2,Filosofia,9.32,0.01
8cb8a910,Fernanda,2,1,2025-03-24,2,Sociologia,6.4,0.05
8cb8a910,Fernanda,2,1,2025-03-06,2,Inglês,3.49,0.49
8cb8a910,Fernanda,2,2,2025-06-05,2,Matemática,9.51,0.67
8cb8a910,Fernanda,2,2,2025-06-06,2,Física,2.09,0.88
8cb8a910,Fernanda,2,2,2025-06-23,2,Química,8.48,0.54
8cb8a910,Fernanda,2,2,2025-06-19,2,Biologia,9.97,0.01
8cb8a910,Fernanda,2,2,2025-06-27,2,Português,7.13,0.16
8cb8a910,Fernanda,2,2,2025-06-16,2,História,1.24,0.86
8cb8a910,Fernanda,2,2,2025-06-25,2,Geografia,1.68,0.79
8cb8a910,Fernanda,2,2,2025-06-07,2,Filosofia,9.92,0.83
8cb8a910,Fernanda,2,2,2025-06-09,2,Sociologia,9.14,0.23
8cb8a910,Fernanda,2,2,2025-06-14,2,Inglês,7.12,0.64
8cb8a910,Fernanda,2,3,2025-09-08,2,Matemática,1.16,0.54
8cb8a910,Fernanda,2,3,2025-09-22,2,Física,4.48,0.47
8cb8a910,Fernanda,2,3,2025-09-09,2,Química,7.44,0.29
8cb8a910,Fernanda,2,3,2025-09-27,2,Biologia,3.28,0.96
8cb8a910,Fernanda,2,3,2025-09-17,2,Português,2.77,0.82
8cb8a910,Fernanda,2,3,2025-09-18,2,História,3.8,0.69
8cb8a910,Fernanda,2,3,2025-09-17,2,Geografia,8.67,0.94
8cb8a910,Fernanda,2,3,2025-09-07,2,Filosofia,3.37,0.59
8cb8a910,Fernanda,2,3,2025-09-03,2,Sociologia,4.54,0.21
8cb8a910,Fernanda,2,3,2025-09-16,2,Inglês,0.78,0.3
efbcb57b,Otávio,2,1,2025-03-08,2,Matemática,0.3,0.21
efbcb57b,Otávio,2,1,2025-03-25,2,Física,5.65,0.06
efbcb57b,Otávio,2,1,2025-03-16,2,Química,1.48,0.52
efbcb57b,Otávio,2,1,2025-03-06,2,Biologia,4.89,0.73
efbcb57b,Otávio,2,1,2025-03-07,2,Português,8.61,0.69
efbcb57b,Otávio,2,1,2025-03-28,2,História,1.72,0.38
efbcb57b,Otávio,2,1,2025-03-13,2,Geografia,3.86,0.81
efbcb57b,Otávio,2,1,2025-03-03,2,Filosofia,3.06,0.54
efbcb57b,Otávio,2,1,2025-03-02,2,Sociologia,0.72,0.88
efbcb57b,Otávio,2,1,2025-03-16,2,Inglês,8.12,0.23
efbcb57b,Otávio,2,2,2025-06-05,2,Matemática,0.77,0.78
efbcb57b,Otávio,2,2,2025-06-05,2,Física,4.84,0.09
efbcb57b,Otávio,2,2,2025-06-19,2,Química,7.81,0.76
efbcb57b,Otávio,2,2,2025-06-06,2,Biologia,0.83,0.94
efbcb57b,Otávio,2,2,2025-06-10,2,Português,8.77,0.58
efbcb57b,Otávio,2,2,2025-06-13,2,História,8.49,0.9
efbcb57b,Otávio,2,2,2025-06-15,2,Geografia,9.11,0.09
efbcb57b,Otávio,2,2,2025-06-03,2,Filosofia,4.11,0.13
efbcb57b,Otávio,2,2,2025-06-16,2,Sociologia,1.23,0.81
efbcb57b,Otávio,2,2,2025-06-06,2,Inglês,3.01,0.5
efbcb57b,Otávio,2,3,2025-09-18,2,Matemática,3.16,0.58
efbcb57b,Otávio,2,3,2025-09-19,2,Física,3.33,0.68
efbcb57b,Otávio,2,3,2025-09-28,2,Química,3.75,0.01
efbcb57b,Otávio,2,3,2025-09-01,2,Biologia,7.2,0.29
efbcb57b,Otávio,2,3,2025-09-01,2,Português,4.84,0.28
efbcb57b,Otávio,2,3,2025-09-22,2,História,7.74,0.3
efbcb57b,Otávio,2,3,2025-09-18,2,Geografia,7.93,0.61
efbcb57b,Otávio,2,3,2025-09-20,2,Filosofia,4.65,0.34
efbcb57b,Otávio,2,3,2025-09-08,2,Sociologia,8.56,0.07
efbcb57b,Otávio,2,3,2025-09-21,2,Inglês,0.8,0.54
46df783b,Paula,2,1,2025-03-20,2,Matemática,3.06,0.86
46df783b,Paula,2,1,2025-03-24,2,Física,7.11,0.78
46df783b,Paula,2,1,2025-03-07,2,Química,5.18,0.45
46df783b,Paula,2,1,2025-03-12,2,Biologia,8.22,0.64
46df783b,Paula,2,1,2025-03-19,2,Português,2.23,0.12
46df783b,Paula,2,1,2025-03-05,2,História,4.32,0.68
46df783b,Paula,2,1,2025-03-03,2,Geografia,2.63,0.8
46df783b,Paula,2,1,2025-03-06,2,Filosofia,6.41,0.66
46df783b,Paula,2,1,2025-03-24,2,Sociologia,0.37,0.7
46df783b,Paula,2,1,2025-03-13,2,Inglês,7.69,0.32
46df783b,Paula,2,2,2025-06-23,2,Matemática,4.88,0.87
46df783b,Paula,2,2,2025-06-28,2,Física,6.74,0.99
46df783b,Paula,2,2,2025-06-25,2,Química,6.85,0.1
46df783b,Paula,2,2,2025-06-27,2,Biologia,8.76,0.22
46df783b,Paula,2,2,2025-06-16,2,Português,5.27,0.94
46df783b,Paula,2,2,2025-06-26,2,História,9.88,0.79
46df783b,Paula,2,2,2025-06-01,2,Geografia,6.69,0.76
46df783b,Paula,2,2,2025-06-17,2,Filosofia,5.37,0.15
46df783b,Paula,2,2,2025-06-23,2,Sociologia,7.9,0.8
46df783b,Paula,2,2,2025-06-27,2,Inglês,1.53,0.31
46df783b,Paula,2,3,2025-09-09,2,Matemática,6.5,0.09
46df783b,Paula,2,3,2025-09-03,2,Física,0.5,0.27
46df783b,Paula,2,3,2025-09-11,2,Química,1.79,0.48
46df783b,Paula,2,3,2025-09-25,2,Biologia,0.94,0.14
46df783b,Paula,2,3,2025-09-18,2,Português,2.6,0.26
46df783b,Paula,2,3,2025-09-08,2,História,9.44,0.08
46df783b,Paula,2,3,2025-09-13,2,Geografia,9.77,0.28
46df783b,Paula,2,3,2025-09-11,2,Filosofia,0.91,0.08
46df783b,Paula,2,3,2025-09-27,2,Sociologia,6.13,0.09
46df783b,Paula,2,3,2025-09-19,2,Inglês,9.78,0.77
1bbd109d,Kevin,2,1,2025-03-15,2,Matemática,8.84,0.51
1bbd109d,Kevin,2,1,2025-03-25,2,Física,8.4,0.43
1bbd109d,Kevin,2,1,2025-03-13,2,Química,4.93,0.77
1bbd109d,Kevin,2,1,2025-03-15,2,Biologia,1.75,0.18
1bbd109d,Kevin,2,1,2025-03-05,2,Português,8.15,0.82
1bbd109d,Kevin,2,1,2025-03-13,2,História,5.59,0.92
1bbd109d,Kevin,2,1,2025-03-24,2,Geografia,1.04,0.08
1bbd109d,Kevin,2,1,2025-03-13,2,Filosofia,7.58,0.25
1bbd109d,Kevin,2,1,2025-03-27,2,Sociologia,3.11,0.66
1bbd109d,Kevin,2,1,2025-03-25,2,Inglês,8.21,0.95
1bbd109d,Kevin,2,2,2025-06-13,2,Matemática,1.33,0.08
1bbd109d,Kevin,2,2,2025-06-24,2,Física,6.1,0.07
1bbd109d,Kevin,2,2,2025-06-17,2,Química,8.17,0.99
1bbd109d,Kevin,2,2,2025-06-06,2,Biologia,8.69,0.52
1bbd109d,Kevin,2,2,2025-06-28,2,Português,7.1,0.16
1bbd109d,Kevin,2,2,2025-06-08,2,História,8.9,0.79
1bbd109d,Kevin,2,2,2025-06-18,2,Geografia,3.05,0.25
1bbd109d,Kevin,2,2,2025-06-21,2,Filosofia,8.7,0.9
1bbd109d,Kevin,2,2,2025-06-24,2,Sociologia,2.99,0.64
1bbd109d,Kevin,2,2,2025-06-11,2,Inglês,2.27,0.48
1bbd109d,Kevin,2,3,2025-09-13,2,Matemática,6.86,0.98
1bbd109d,Kevin,2,3,2025-09-24,2,Física,0.87,0.16
1bbd109d,Kevin,2,3,2025-09-05,2,Química,3.42,0.14
1bbd109d,Kevin,2,3,2025-09-05,2,Biologia,6.48,0.81
1bbd109d,Kevin,2,3,2025-09-08,2,Português,6.85,0.44
1bbd109d,Kevin,2,3,2025-09-23,2,História,9.96,0.37
1bbd109d,Kevin,2,3,2025-09-23,2,Geografia,8.58,0.77
1bbd109d,Kevin,2,3,2025-09-10,2,Filosofia,9.87,0.64
1bbd109d,Kevin,2,3,2025-09-24,2,Sociologia,1.26,0.02
1bbd109d,Kevin,2,3,2025-09-17,2,Inglês,6.58,0.09
dafec5fa,Otávio,3,1,2025-03-05,2,Matemática,2.21,0.22
dafec5fa,Otávio,3,1,2025-03-26,2,Física,6.89,0.89
dafec5fa,Otávio,3,1,2025-03-06,2,Química,3.32,0.33
dafec5fa,Otávio,3,1,2025-03-14,2,Biologia,5.79,0.46
dafec5fa,Otávio,3,1,2025-03-19,2,Português,7.08,0.86
dafec5fa,Otávio,3,1,2025-03-05,2,História,7.23,0.91
dafec5fa,Otávio,3,1,2025-03-13,2,Geografia,1.59,0.18
dafec5fa,Otávio,3,1,2025-03-14,2,Filosofia,8.63,0.82
dafec5fa,Otávio,3,1,2025-03-25,2,Sociologia,1.56,0.93
dafec5fa,Otávio,3,1,2025-03-28,2,Inglês,1.09,0.69
dafec5fa,Otávio,3,2,2025-06-28,2,Matemática,8.41,0.79
dafec5fa,Otávio,3,2,2025-06-14,2,Física,4.02,0.35
dafec5fa,Otávio,3,2,2025-06-26,2,Química,8.56,0.66
dafec5fa,Otávio,3,2,2025-06-02,2,Biologia,3.59,0.5
dafec5fa,Otávio,3,2,2025-06-05,2,Português,9.48,0.07
dafec5fa,Otávio,3,2,2025-06-06,2,História,9.47,0.18
dafec5fa,Otávio,3,2,2025-06-23,2,Geografia,3.03,0.5
dafec5fa,Otávio,3,2,2025-06-13,2,Filosofia,5.42,0.39
dafec5fa,Otávio,3,2,2025-06-10,2,Sociologia,3.59,0.78
dafec5fa,Otávio,3,2,2025-06-05,2,Inglês,1.8,0.38
dafec5fa,Otávio,3,3,2025-09-06,2,Matemática,6.06,0.28
dafec5fa,Otávio,3,3,2025-09-15,2,Física,0.72,0.29
dafec5fa,Otávio,3,3,2025-09-07,2,Química,1.85,0.69
dafec5fa,Otávio,3,3,2025-09-28,2,Biologia,0.83,0.66
dafec5fa,Otávio,3,3,2025-09-27,2,Português,2.79,0.97
dafec5fa,Otávio,3,3,2025-09-08,2,História,6.18,0.49
dafec5fa,Otávio,3,3,2025-09-06,2,Geografia,1.11,0.99
dafec5fa,Otávio,3,3,2025-09-02,2,Filosofia,0.36,0.09
dafec5fa,Otávio,3,3,2025-09-17,2,Sociologia,4.58,0.21
dafec5fa,Otávio,3,3,2025-09-17,2,Inglês,2.78,0.98
9559ad27,Igor,3,1,2025-03-15,2,Matemática,1.35,0.81
9559ad27,Igor,3,1,2025-03-05,2,Física,0.43,0.29
9559ad27,Igor,3,1,2025-03-01,2,Química,4.68,0.1
9559ad27,Igor,3,1,2025-03-27,2,Biologia,8.53,0.66
9559ad27,Igor,3,1,2025-03-05,2,Português,7.67,0.9
9559ad27,Igor,3,1,2025-03-03,2,História,5.68,0.02
9559ad27,Igor,3,1,2025-03-03,2,Geografia,0.35,0.03
9559ad27,Igor,3,1,2025-03-15,2,Filosofia,0.71,0.16
9559ad27,Igor,3,1,2025-03-26,2,Sociologia,2.96,0.8
9559ad27,Igor,3,1,2025-03-04,2,Inglês,2.51,0.29
9559ad27,Igor,3,2,2025-06-13,2,Matemática,4.79,0.31
9559ad27,Igor,3,2,2025-06-19,2,Física,4.45,0.88
9559ad27,Igor,3,2,2025-06-07,2,Química,1.15,0.39
9559ad27,Igor,3,2,2025-06-22,2,Biologia,5.86,0.97
9559ad27,Igor,3,2,2025-06-16,2,Português,1.15,0.36
9559ad27,Igor,3,2,2025-06-14,2,História,8.19,0.74
9559ad27,Igor,3,2,2025-06-11,2,Geografia,8.62,0.44
9559ad27,Igor,3,2,2025-06-11,2,Filosofia,1.21,0.69
9559ad27,Igor,3,2,2025-06-27,2,Sociologia,9.38,0.8
9559ad27,Igor,3,2,2025-06-03,2,Inglês,8.12,0.12
9559ad27,Igor,3,3,2025-09-12,2,Matemática,2.03,0.1
9559ad27,Igor,3,3,2025-09-13,2,Física,1.54,0.53
9559ad27,Igor,3,3,2025-09-08,2,Química,9.73,0.18
9559ad27,Igor,3,3,2025-09-22,2,Biologia,6.51,0.87
9559ad27,Igor,3,3,2025-09-16,2,Português,3.17,0.16
9559ad27,Igor,3,3,2025-09-10,2,História,3.65,0.96
9559ad27,Igor,3,3,2025-09-17,2,Geografia,8.85,0.4
9559ad27,Igor,3,3,2025-09-06,2,Filosofia,2.57,0.93
9559ad27,Igor,3,3,2025-09-07,2,Sociologia,4.27,0.1
9559ad27,Igor,3,3,2025-09-25,2,Inglês,8.03,0.21
19ab8710,Vanessa,3,1,2025-03-20,2,Matemática,9.94,0.15
19ab8710,Vanessa,3,1,2025-03-11,2,Física,6.04,0.89
19ab8710,Vanessa,3,1,2025-03-22,2,Química,7.78,0.4
19ab8710,Vanessa,3,1,2025-03-24,2,Biologia,7.06,0.79
19ab8710,Vanessa,3,1,2025-03-02,2,Português,1.41,0.7
19ab8710,Vanessa,3,1,2025-03-24,2,História,0.65,0.17
19ab8710,Vanessa,3,1,2025-03-08,2,Geografia,3.63,0.43
19ab8710,Vanessa,3,1,2025-03-21,2,Filosofia,0.1,0.17
19ab8710,Vanessa,3,1,2025-03-22,2,Sociologia,4.28,0.72
19ab8710,Vanessa,3,1,2025-03-28,2,Inglês,7.5,0.21
19ab8710,Vanessa,3,2,2025-06-07,2,Matemática,4.32,0.82
19ab8710,Vanessa,3,2,2025-06-05,2,Física,2.69,0.09
19ab8710,Vanessa,3,2,2025-06-22,2,Química,4.71,0.19
19ab8710,Vanessa,3,2,2025-06-09,2,Biologia,0.37,0.02
19ab8710,Vanessa,3,2,2025-06-13,2,Português,7.25,0.27
19ab8710,Vanessa,3,2,2025-06-08,2,História,5.95,0.37
19ab8710,Vanessa,3,2,2025-06-25,2,Geografia,2.67,0.24
19ab8710,Vanessa,3,2,2025-06-02,2,Filosofia,8.78,0.71
19ab8710,Vanessa,3,2,2025-06-15,2,Sociologia,2.16,0.83
19ab8710,Vanessa,3,2,2025-06-03,2,Inglês,1.15,0.7
19ab8710,Vanessa,3,3,2025-09-15,2,Matemática,4.28,0.07
19ab8710,Vanessa,3,3,2025-09-23,2,Física,1.64,0.37
19ab8710,Vanessa,3,3,2025-09-11,2,Química,8.2,0.47
19ab8710,Vanessa,3,3,2025-09-15,2,Biologia,5.57,0.86
19ab8710,Vanessa,3,3,2025-09-15,2,Português,9.33,0.15
19ab8710,Vanessa,3,3,2025-09-11,2,História,7.56,0.0
19ab8710,Vanessa,3,3,2025-09-17,2,Geografia,9.64,0.24
19ab8710,Vanessa,3,3,2025-09-11,2,Filosofia,1.15,0.07
19ab8710,Vanessa,3,3,2025-09-26,2,Sociologia,6.04,0.57
19ab8710,Vanessa,3,3,2025-09-09,2,Inglês,1.1,0.26
ab4bf4aa,Bruno,3,1,2025-03-09,2,Matemática,0.61,0.04
ab4bf4aa,Bruno,3,1,2025-03-01,2,Física,9.28,0.1
ab4bf4aa,Bruno,3,1,2025-03-03,2,Química,5.06,0.37
ab4bf4aa,Bruno,3,1,2025-03-09,2,Biologia,5.99,0.33
ab4bf4aa,Bruno,3,1,2025-03-04,2,Português,5.89,0.85
ab4bf4aa,Bruno,3,1,2025-03-03,2,História,3.7,0.39
ab4bf4aa,Bruno,3,1,2025-03-07,2,Geografia,8.81,0.21
ab4bf4aa,Bruno,3,1,2025-03-21,2,Filosofia,8.14,0.83
ab4bf4aa,Bruno,3,1,2025-03-17,2,Sociologia,4.22,0.01
ab4bf4aa,Bruno,3,1,2025-03-14,2,Inglês,7.91,0.92
ab4bf4aa,Bruno,3,2,2025-06-23,2,Matemática,9.39,0.83
ab4bf4aa,Bruno,3,2,2025-06-08,2,Física,2.79,0.44
ab4bf4aa,Bruno,3,2,2025-06-23,2,Química,3.02,0.99
ab4bf4aa,Bruno,3,2,2025-06-10,2,Biologia,6.76,0.38
ab4bf4aa,Bruno,3,2,2025-06-02,2,Português,7.75,0.38
ab4bf4aa,Bruno,3,2,2025-06-14,2,História,5.61,0.09
ab4bf4aa,Bruno,3,2,2025-06-10,2,Geografia,3.52,0.36
ab4bf4aa,Bruno,3,2,2025-06-23,2,Filosofia,5.41,1.0
ab4bf4aa,Bruno,3,2,2025-06-09,2,Sociologia,6.27,0.51
ab4bf4aa,Bruno,3,2,2025-06-19,2,Inglês,0.47,0.4
ab4bf4aa,Bruno,3,3,2025-09-11,2,Matemática,6.45,0.97
ab4bf4aa,Bruno,3,3,2025-09-15,2,Física,1.3,0.34
ab4bf4aa,Bruno,3,3,2025-09-16,2,Química,9.36,0.15
ab4bf4aa,Bruno,3,3,2025-09-04,2,Biologia,0.99,0.3
ab4bf4aa,Bruno,3,3,2025-09-15,2,Português,6.72,0.26
ab4bf4aa,Bruno,3,3,2025-09-06,2,História,6.14,0.46
ab4bf4aa,Bruno,3,3,2025-09-23,2,Geografia,3.73,0.27
ab4bf4aa,Bruno,3,3,2025-09-17,2,Filosofia,0.26,0.04
ab4bf4aa,Bruno,3,3,2025-09-12,2,Sociologia,4.11,0.69
ab4bf4aa,Bruno,3,3,2025-09-07,2,Inglês,9.28,0.01
92996e5f,Paula,3,1,2025-03-14,2,Matemática,6.87,0.92
92996e5f,Paula,3,1,2025-03-02,2,Física,1.2,0.02
92996e5f,Paula,3,1,2025-03-19,2,Química,1.42,0.58
92996e5f,Paula,3,1,2025-03-07,2,Biologia,1.87,0.21
92996e5f,Paula,3,1,2025-03-14,2,Português,6.23,0.66
92996e5f,Paula,3,1,2025-03-19,2,História,7.58,0.8
92996e5f,Paula,3,1,2025-03-07,2,Geografia,2.55,0.03
92996e5f,Paula,3,1,2025-03-16,2,Filosofia,0.48,0.91
92996e5f,Paula,3,1,2025-03-26,2,Sociologia,5.36,0.78
92996e5f,Paula,3,1,2025-03-16,2,Inglês,7.43,0.33
92996e5f,Paula,3,2,2025-06-19,2,Matemática,0.03,0.26
92996e5f,Paula,3,2,2025-06-09,2,Física,4.01,0.33
92996e5f,Paula,3,2,2025-06-21,2,Química,6.16,0.08
92996e5f,Paula,3,2,2025-06-09,2,Biologia,9.52,0.37
92996e5f,Paula,3,2,2025-06-20,2,Português,3.13,0.39
92996e5f,Paula,3,2,2025-06-02,2,História,2.13,0.74
92996e5f,Paula,3,2,2025-06-24,2,Geografia,2.82,0.66
92996e5f,Paula,3,2,2025-06-24,2,Filosofia,6.39,0.5
92996e5f,Paula,3,2,2025-06-05,2,Sociologia,2.63,0.47
92996e5f,Paula,3,2,2025-06-12,2,Inglês,2.81,0.27
92996e5f,Paula,3,3,2025-09-17,2,Matemática,5.63,0.76
92996e5f,Paula,3,3,2025-09-11,2,Física,5.64,0.78
92996e5f,Paula,3,3,2025-09-01,2,Química,0.14,0.61
92996e5f,Paula,3,3,2025-09-01,2,Biologia,9.99,0.26
92996e5f,Paula,3,3,2025-09-23,2,Português,6.55,0.38
92996e5f,Paula,3,3,2025-09-08,2,História,1.02,0.18
92996e5f,Paula,3,3,2025-09-08,2,Geografia,4.72,0.62
92996e5f,Paula,3,3,2025-09-15,2,Filosofia,9.37,0.89
92996e5f,Paula,3,3,2025-09-12,2,Sociologia,6.68,0.91
92996e5f,Paula,3,3,2025-09-17,2,Inglês,6.99,0.79
30ab33b6,Fernanda,3,1,2025-03-20,2,Matemática,6.19,0.13
30ab33b6,Fernanda,3,1,2025-03-13,2,Física,5.12,0.99
30ab33b6,Fernanda,3,1,2025-03-02,2,Química,6.46,0.4
30ab33b6,Fernanda,3,1,2025-03-25,2,Biologia,5.32,0.04
30ab33b6,Fernanda,3,1,2025-03-08,2,Português,4.59,0.61
30ab33b6,Fernanda,3,1,2025-03-09,2,História,6.09,0.13
30ab33b6,Fernanda,3,1,2025-03-09,2,Geografia,8.43,0.04
30ab33b6,Fernanda,3,1,2025-03-12,2,Filosofia,5.22,0.46
30ab33b6,Fernanda,3,1,2025-03-25,2,Sociologia,2.93,0.75
30ab33b6,Fernanda,3,1,2025-03-20,2,Inglês,9.99,0.34
30ab33b6,Fernanda,3,2,2025-06-19,2,Matemática,5.85,0.09
30ab33b6,Fernanda,3,2,2025-06-15,2,Física,9.47,0.11
30ab33b6,Fernanda,3,2,2025-06-07,2,Química,1.76,0.43
30ab33b6,Fernanda,3,2,2025-06-12,2,Biologia,4.95,0.3
30ab33b6,Fernanda,3,2,2025-06-16,2,Português,8.22,0.58
30ab33b6,Fernanda,3,2,2025-06-10,2,História,6.99,0.29
30ab33b6,Fernanda,3,2,2025-06-25,2,Geografia,5.55,0.63
30ab33b6,Fernanda,3,2,2025-06-24,2,Filosofia,7.1,0.97
30ab33b6,Fernanda,3,2,2025-06-17,2,Sociologia,5.66,0.61
30ab33b6,Fernanda,3,2,2025-06-21,2,Inglês,4.29,0.94
30ab33b6,Fernanda,3,3,2025-09-16,2,Matemática,1.7,0.15
30ab33b6,Fernanda,3,3,2025-09-18,2,Física,8.29,0.4
30ab33b6,Fernanda,3,3,2025-09-07,2,Química,5.62,0.38
30ab33b6,Fernanda,3,3,2025-09-11,2,Biologia,2.48,0.79
30ab33b6,Fernanda,3,3,2025-09-13,2,Português,0.17,0.54
30ab33b6,Fernanda,3,3,2025-09-18,2,História,7.03,0.62
30ab33b6,Fernanda,3,3,2025-09-26,2,Geografia,4.13,0.16
30ab33b6,Fernanda,3,3,2025-09-13,2,Filosofia,0.66,0.15
30ab33b6,Fernanda,3,3,2025-09-20,2,Sociologia,3.01,0.03
30ab33b6,Fernanda,3,3,2025-09-08,2,Inglês,6.5,0.19
a761e3cf,Thiago,3,1,2025-03-05,2,Matemática,8.28,0.14
a761e3cf,Thiago,3,1,2025-03-23,2,Física,9.93,0.68
a761e3cf,Thiago,3,1,2025-03-01,2,Química,6.43,0.36
a761e3cf,Thiago,3,1,2025-03-21,2,Biologia,2.31,0.87
a761e3cf,Thiago,3,1,2025-03-07,2,Português,8.89,0.68
a761e3cf,Thiago,3,1,2025-03-24,2,História,4.14,0.36
a761e3cf,Thiago,3,1,2025-03-04,2,Geografia,6.31,0.65
a761e3cf,Thiago,3,1,2025-03-13,2,Filosofia,5.02,0.87
a761e3cf,Thiago,3,1,2025-03-18,2,Sociologia,1.32,0.16
a761e3cf,Thiago,3,1,2025-03-08,2,Inglês,9.67,0.04
a761e3cf,Thiago,3,2,2025-06-11,2,Matemática,5.71,0.89
a761e3cf,Thiago,3,2,2025-06-08,2,Física,5.52,0.59
a761e3cf,Thiago,3,2,2025-06-05,2,Química,9.94,0.2
a761e3cf,Thiago,3,2,2025-06-01,2,Biologia,5.65,0.05
a761e3cf,Thiago,3,2,2025-06-11,2,Português,7.03,0.76
a761e3cf,Thiago,3,2,2025-06-21,2,História,5.2,0.6
a761e3cf,Thiago,3,2,2025-06-14,2,Geografia,4.01,0.03
a761e3cf,Thiago,3,2,2025-06-28,2,Filosofia,6.04,0.33
a761e3cf,Thiago,3,2,2025-06-18,2,Sociologia,7.4,0.4
a761e3cf,Thiago,3,2,2025-06-03,2,Inglês,6.79,0.11
a761e3cf,Thiago,3,3,2025-09-24,2,Matemática,9.61,0.42
a761e3cf,Thiago,3,3,2025-09-20,2,Física,5.39,0.01
a761e3cf,Thiago,3,3,2025-09-23,2,Química,9.19,0.66
a761e3cf,Thiago,3,3,2025-09-13,2,Biologia,4.04,0.22
a761e3cf,Thiago,3,3,2025-09-08,2,Português,2.24,0.68
a761e3cf,Thiago,3,3,2025-09-25,2,História,0.1,0.95
a761e3cf,Thiago,3,3,2025-09-17,2,Geografia,1.53,0.81
a761e3cf,Thiago,3,3,2025-09-28,2,Filosofia,2.75,0.95
a761e3cf,Thiago,3,3,2025-09-19,2,Sociologia,8.25,0.83
a761e3cf,Thiago,3,3,2025-09-15,2,Inglês,8.78,0.12
88add043,Ricardo,3,1,2025-03-13,2,Matemática,9.91,0.15
88add043,Ricardo,3,1,2025-03-17,2,Física,9.67,0.98
88add043,Ricardo,3,1,2025-03-20,2,Química,2.54,0.49
88add043,Ricardo,3,1,2025-03-24,2,Biologia,0.34,0.1
88add043,Ricardo,3,1,2025-03-24,2,Português,3.66,0.02
88add043,Ricardo,3,1,2025-03-06,2,História,3.6,0.74
88add043,Ricardo,3,1,2025-03-09,2,Geografia,5.94,0.51
88add043,Ricardo,3,1,2025-03-15,2,Filosofia,9.37,0.55
88add043,Ricardo,3,1,2025-03-23,2,Sociologia,6.03,0.89
88add043,Ricardo,3,1,2025-03-26,2,Inglês,8.45,0.33
88add043,Ricardo,3,2,2025-06-21,2,Matemática,5.72,0.24
88add043,Ricardo,3,2,2025-06-09,2,Física,0.6,0.09
88add043,Ricardo,3,2,2025-06-01,2,Química,6.31,0.54
88add043,Ricardo,3,2,2025-06-11,2,Biologia,1.68,0.87
88add043,Ricardo,3,2,2025-06-23,2,Português,9.12,0.54
88add043,Ricardo,3,2,2025-06-14,2,História,9.61,0.55
88add043,Ricardo,3,2,2025-06-20,2,Geografia,5.12,0.16
88add043,Ricardo,3,2,2025-06-14,2,Filosofia,9.68,0.41
88add043,Ricardo,3,2,2025-06-23,2,Sociologia,4.96,0.39
88add043,Ricardo,3,2,2025-06-06,2,Inglês,9.98,0.92
88add043,Ricardo,3,3,2025-09-21,2,Matemática,6.32,0.88
88add043,Ricardo,3,3,2025-09-15,2,Física,9.28,0.33
88add043,Ricardo,3,3,2025-09-24,2,Química,5.9,0.56
88add043,Ricardo,3,3,2025-09-09,2,Biologia,9.26,0.69
88add043,Ricardo,3,3,2025-09-02,2,Português,9.7,0.61
88add043,Ricardo,3,3,2025-09-03,2,História,5.68,0.34
88add043,Ricardo,3,3,2025-09-16,2,Geografia,7.02,0.03
88add043,Ricardo,3,3,2025-09-01,2,Filosofia,0.82,0.61
88add043,Ricardo,3,3,2025-09-17,2,Sociologia,8.06,0.73
88add043,Ricardo,3,3,2025-09-22,2,Inglês,2.75,0.08
fbce3049,Gabriel,3,1,2025-03-25,2,Matemática,6.3,0.12
fbce3049,Gabriel,3,1,2025-03-22,2,Física,7.39,0.42
fbce3049,Gabriel,3,1,2025-03-13,2,Química,7.38,0.87
fbce3049,Gabriel,3,1,2025-03-03,2,Biologia,0.88,0.86
fbce3049,Gabriel,3,1,2025-03-23,2,Português,7.6,0.8
fbce3049,Gabriel,3,1,2025-03-11,2,História,9.69,0.19
fbce3049,Gabriel,3,1,2025-03-01,2,Geografia,8.7,0.76
fbce3049,Gabriel,3,1,2025-03-22,2,Filosofia,5.95,0.79
fbce3049,Gabriel,3,1,2025-03-17,2,Sociologia,0.5,0.35
fbce3049,Gabriel,3,1,2025-03-03,2,Inglês,4.22,0.79
fbce3049,Gabriel,3,2,2025-06-20,2,Matemática,9.1,0.99
fbce3049,Gabriel,3,2,2025-06-03,2,Física,2.23,0.86
fbce3049,Gabriel,3,2,2025-06-01,2,Química,9.38,0.33
fbce3049,Gabriel,3,2,2025-06-21,2,Biologia,6.3,0.29
fbce3049,Gabriel,3,2,2025-06-06,2,Português,6.66,0.56
fbce3049,Gabriel,3,2,2025-06-15,2,História,8.99,0.54
fbce3049,Gabriel,3,2,2025-06-26,2,Geografia,4.62,0.38
fbce3049,Gabriel,3,2,2025-06-03,2,Filosofia,9.88,0.8
fbce3049,Gabriel,3,2,2025-06-02,2,Sociologia,9.61,0.75
fbce3049,Gabriel,3,2,2025-06-15,2,Inglês,9.25,0.95
fbce3049,Gabriel,3,3,2025-09-24,2,Matemática,3.5,0.26
fbce3049,Gabriel,3,3,2025-09-23,2,Física,7.19,0.91
fbce3049,Gabriel,3,3,2025-09-17,2,Química,7.56,0.95
fbce3049,Gabriel,3,3,2025-09-19,2,Biologia,0.31,0.98
fbce3049,Gabriel,3,3,2025-09-28,2,Português,6.26,0.77
fbce3049,Gabriel,3,3,2025-09-15,2,História,1.58,0.81
fbce3049,Gabriel,3,3,2025-09-19,2,Geografia,4.16,0.54
fbce3049,Gabriel,3,3,2025-09-16,2,Filosofia,7.44,0.89
fbce3049,Gabriel,3,3,2025-09-20,2,Sociologia,6.86,0.14
fbce3049,Gabriel,3,3,2025-09-18,2,Inglês,1.19,0.09
18e97af1,Igor,3,1,2025-03-16,2,Matemática,5.16,0.51
18e97af1,Igor,3,1,2025-03-07,2,Física,7.96,0.37
18e97af1,Igor,3,1,2025-03-08,2,Química,9.26,0.3
18e97af1,Igor,3,1,2025-03-12,2,Biologia,2.35,0.59
18e97af1,Igor,3,1,2025-03-28,2,Português,7.17,0.13
18e97af1,Igor,3,1,2025-03-23,2,História,4.3,0.06
18e97af1,Igor,3,1,2025-03-28,2,Geografia,1.08,0.41
18e97af1,Igor,3,1,2025-03-03,2,Filosofia,8.86,0.32
18e97af1,Igor,3,1,2025-03-03,2,Sociologia,3.66,0.06
18e97af1,Igor,3,1,2025-03-04,2,Inglês,9.32,0.98
18e97af1,Igor,3,2,2025-06-19,2,Matemática,2.32,0.21
18e97af1,Igor,3,2,2025-06-02,2,Física,3.44,0.54
18e97af1,Igor,3,2,2025-06-16,2,Química,7.51,0.11
18e97af1,Igor,3,2,2025-06-07,2,Biologia,6.75,0.71
18e97af1,Igor,3,2,2025-06-10,2,Português,5.4,0.01
18e97af1,Igor,3,2,2025-06-21,2,História,9.77,0.18
18e97af1,Igor,3,2,2025-06-15,2,Geografia,3.04,0.39
18e97af1,Igor,3,2,2025-06-09,2,Filosofia,8.4,0.41
18e97af1,Igor,3,2,2025-06-24,2,Sociologia,8.96,0.47
18e97af1,Igor,3,2,2025-06-12,2,Inglês,5.65,0.02
18e97af1,Igor,3,3,2025-09-12,2,Matemática,1.95,0.33
18e97af1,Igor,3,3,2025-09-14,2,Física,3.1,0.19
18e97af1,Igor,3,3,2025-09-01,2,Química,0.2,0.78
18e97af1,Igor,3,3,2025-09-01,2,Biologia,1.31,0.96
18e97af1,Igor,3,3,2025-09-24,2,Português,5.62,0.64
18e97af1,Igor,3,3,2025-09-20,2,História,5.16,0.45
18e97af1,Igor,3,3,2025-09-24,2,Geografia,8.2,0.09
18e97af1,Igor,3,3,2025-09-14,2,Filosofia,9.85,0.44
18e97af1,Igor,3,3,2025-09-05,2,Sociologia,7.98,0.36
18e97af1,Igor,3,3,2025-09-14,2,Inglês,4.17,0.47
09d7896b,Fernanda,1,1,2025-03-17,3,Matemática,3.05,0.24
09d7896b,Fernanda,1,1,2025-03-02,3,Física,6.22,0.91
09d7896b,Fernanda,1,1,2025-03-02,3,Química,5.0,0.7
09d7896b,Fernanda,1,1,2025-03-15,3,Biologia,5.56,0.63
09d7896b,Fernanda,1,1,2025-03-27,3,Português,7.71,0.7
09d7896b,Fernanda,1,1,2025-03-19,3,História,6.83,0.81
09d7896b,Fernanda,1,1,2025-03-25,3,Geografia,8.66,0.69
09d7896b,Fernanda,1,1,2025-03-04,3,Filosofia,8.99,0.26
09d7896b,Fernanda,1,1,2025-03-26,3,Sociologia,1.54,0.2
09d7896b,Fernanda,1,1,2025-03-05,3,Inglês,1.37,0.17
09d7896b,Fernanda,1,2,2025-06-14,3,Matemática,9.4,0.31
09d7896b,Fernanda,1,2,2025-06-16,3,Física,5.7,0.37
09d7896b,Fernanda,1,2,2025-06-26,3,Química,7.27,0.02
09d7896b,Fernanda,1,2,2025-06-15,3,Biologia,6.75,0.19
09d7896b,Fernanda,1,2,2025-06-15,3,Português,4.27,0.32
09d7896b,Fernanda,1,2,2025-06-07,3,História,7.21,0.03
09d7896b,Fernanda,1,2,2025-06-17,3,Geografia,2.45,0.93
09d7896b,Fernanda,1,2,2025-06-24,3,Filosofia,2.79,0.68
09d7896b,Fernanda,1,2,2025-06-02,3,Sociologia,3.67,0.55
09d7896b,Fernanda,1,2,2025-06-13,3,Inglês,4.19,0.18
09d7896b,Fernanda,1,3,2025-09-21,3,Matemática,8.05,0.18
09d7896b,Fernanda,1,3,2025-09-17,3,Física,8.2,0.01
09d7896b,Fernanda,1,3,2025-09-15,3,Química,9.84,0.42
09d7896b,Fernanda,1,3,2025-09-07,3,Biologia,3.11,0.96
09d7896b,Fernanda,1,3,2025-09-01,3,Português,1.71,0.09
09d7896b,Fernanda,1,3,2025-09-09,3,História,5.14,0.98
09d7896b,Fernanda,1,3,2025-09-11,3,Geografia,4.49,0.17
09d7896b,Fernanda,1,3,2025-09-23,3,Filosofia,6.08,0.47
09d7896b,Fernanda,1,3,2025-09-11,3,Sociologia,0.4,0.23
09d7896b,Fernanda,1,3,2025-09-16,3,Inglês,2.99,0.79
ed0e9001,Igor,1,1,2025-03-16,3,Matemática,4.85,0.34
ed0e9001,Igor,1,1,2025-03-07,3,Física,9.86,0.48
ed0e9001,Igor,1,1,2025-03-24,3,Química,0.95,0.02
ed0e9001,Igor,1,1,2025-03-09,3,Biologia,1.17,0.02
ed0e9001,Igor,1,1,2025-03-27,3,Português,4.61,0.78
ed0e9001,Igor,1,1,2025-03-20,3,História,7.34,0.7
ed0e9001,Igor,1,1,2025-03-12,3,Geografia,4.89,0.44
ed0e9001,Igor,1,1,2025-03-06,3,Filosofia,4.19,0.92
ed0e9001,Igor,1,1,2025-03-03,3,Sociologia,1.6,0.35
ed0e9001,Igor,1,1,2025-03-07,3,Inglês,3.94,0.06
ed0e9001,Igor,1,2,2025-06-20,3,Matemática,3.23,0.8
ed0e9001,Igor,1,2,2025-06-01,3,Física,9.74,0.22
ed0e9001,Igor,1,2,2025-06-06,3,Química,7.18,0.18
ed0e9001,Igor,1,2,2025-06-21,3,Biologia,2.43,0.9
ed0e9001,Igor,1,2,2025-06-01,3,Português,2.99,0.55
ed0e9001,Igor,1,2,2025-06-25,3,História,0.52,0.26
ed0e9001,Igor,1,2,2025-06-08,3,Geografia,0.95,0.02
ed0e9001,Igor,1,2,2025-06-02,3,Filosofia,2.29,0.7
ed0e9001,Igor,1,2,2025-06-28,3,Sociologia,9.92,0.78
ed0e9001,Igor,1,2,2025-06-20,3,Inglês,9.36,0.81
ed0e9001,Igor,1,3,2025-09-07,3,Matemática,4.73,0.23
ed0e9001,Igor,1,3,2025-09-07,3,Física,8.49,0.31
ed0e9001,Igor,1,3,2025-09-13,3,Química,9.03,0.3
ed0e9001,Igor,1,3,2025-09-17,3,Biologia,5.32,0.31
ed0e9001,Igor,1,3,2025-09-10,3,Português,3.33,0.76
ed0e9001,Igor,1,3,2025-09-07,3,História,6.07,0.78
ed0e9001,Igor,1,3,2025-09-25,3,Geografia,6.88,0.74
ed0e9001,Igor,1,3,2025-09-27,3,Filosofia,7.1,0.92
ed0e9001,Igor,1,3,2025-09-08,3,Sociologia,4.41,0.88
ed0e9001,Igor,1,3,2025-09-15,3,Inglês,2.84,0.09
69fad168,Natália,1,1,2025-03-08,3,Matemática,7.63,0.04
69fad168,Natália,1,1,2025-03-09,3,Física,2.73,0.72
69fad168,Natália,1,1,2025-03-26,3,Química,9.76,0.72
69fad168,Natália,1,1,2025-03-15,3,Biologia,0.13,0.65
69fad168,Natália,1,1,2025-03-02,3,Português,0.05,0.57
69fad168,Natália,1,1,2025-03-03,3,História,7.86,0.71
69fad168,Natália,1,1,2025-03-16,3,Geografia,1.44,0.57
69fad168,Natália,1,1,2025-03-24,3,Filosofia,1.02,0.86
69fad168,Natália,1,1,2025-03-12,3,Sociologia,3.59,0.75
69fad168,Natália,1,1,2025-03-08,3,Inglês,2.67,0.98
69fad168,Natália,1,2,2025-06-27,3,Matemática,3.63,0.62
69fad168,Natália,1,2,2025-06-20,3,Física,3.1,0.73
69fad168,Natália,1,2,2025-06-09,3,Química,2.11,0.79
69fad168,Natália,1,2,2025-06-17,3,Biologia,8.48,0.74
69fad168,Natália,1,2,2025-06-24,3,Português,3.82,0.77
69fad168,Natália,1,2,2025-06-06,3,História,7.45,0.77
69fad168,Natália,1,2,2025-06-26,3,Geografia,1.29,0.27
69fad168,Natália,1,2,2025-06-04,3,Filosofia,0.76,0.45
69fad168,Natália,1,2,2025-06-15,3,Sociologia,1.8,0.82
69fad168,Natália,1,2,2025-06-23,3,Inglês,8.67,0.18
69fad168,Natália,1,3,2025-09-11,3,Matemática,1.91,0.99
69fad168,Natália,1,3,2025-09-22,3,Física,7.83,0.75
69fad168,Natália,1,3,2025-09-11,3,Química,5.06,0.44
69fad168,Natália,1,3,2025-09-19,3,Biologia,1.11,0.72
69fad168,Natália,1,3,2025-09-18,3,Português,8.99,0.62
69fad168,Natália,1,3,2025-09-08,3,História,2.21,0.63
69fad168,Natália,1,3,2025-09-27,3,Geografia,5.13,0.65
69fad168,Natália,1,3,2025-09-10,3,Filosofia,6.15,0.56
69fad168,Natália,1,3,2025-09-13,3,Sociologia,9.4,0.15
69fad168,Natália,1,3,2025-09-23,3,Inglês,8.93,0.2
0abea6d1,Natália,1,1,2025-03-14,3,Matemática,1.17,0.54
0abea6d1,Natália,1,1,2025-03-22,3,Física,9.27,0.3
0abea6d1,Natália,1,1,2025-03-03,3,Química,2.09,0.25
0abea6d1,Natália,1,1,2025-03-27,3,Biologia,2.18,0.88
0abea6d1,Natália,1,1,2025-03-22,3,Português,6.45,0.14
0abea6d1,Natália,1,1,2025-03-12,3,História,6.7,0.34
0abea6d1,Natália,1,1,2025-03-16,3,Geografia,9.44,0.64
0abea6d1,Natália,1,1,2025-03-23,3,Filosofia,4.17,0.56
0abea6d1,Natália,1,1,2025-03-26,3,Sociologia,6.77,0.19
0abea6d1,Natália,1,1,2025-03-03,3,Inglês,8.45,0.34
0abea6d1,Natália,1,2,2025-06-23,3,Matemática,2.91,0.09
0abea6d1,Natália,1,2,2025-06-21,3,Física,0.13,0.47
0abea6d1,Natália,1,2,2025-06-02,3,Química,2.7,0.44
0abea6d1,Natália,1,2,2025-06-01,3,Biologia,9.39,0.99
0abea6d1,Natália,1,2,2025-06-05,3,Português,2.49,0.24
0abea6d1,Natália,1,2,2025-06-11,3,História,7.87,0.99
0abea6d1,Natália,1,2,2025-06-14,3,Geografia,5.03,0.77
0abea6d1,Natália,1,2,2025-06-09,3,Filosofia,5.94,0.35
0abea6d1,Natália,1,2,2025-06-06,3,Sociologia,8.0,0.96
0abea6d1,Natália,1,2,2025-06-19,3,Inglês,0.98,0.66
0abea6d1,Natália,1,3,2025-09-18,3,Matemática,0.46,0.67
0abea6d1,Natália,1,3,2025-09-08,3,Física,5.56,0.88
0abea6d1,Natália,1,3,2025-09-13,3,Química,6.12,0.2
0abea6d1,Natália,1,3,2025-09-22,3,Biologia,0.78,0.95
0abea6d1,Natália,1,3,2025-09-15,3,Português,5.6,0.28
0abea6d1,Natália,1,3,2025-09-07,3,História,9.79,0.11
0abea6d1,Natália,1,3,2025-09-17,3,Geografia,8.8,0.97
0abea6d1,Natália,1,3,2025-09-15,3,Filosofia,2.96,0.6
0abea6d1,Natália,1,3,2025-09-11,3,Sociologia,7.76,0.36
0abea6d1,Natália,1,3,2025-09-14,3,Inglês,6.06,0.0
818cea73,Paula,1,1,2025-03-02,3,Matemática,7.15,0.63
818cea73,Paula,1,1,2025-03-23,3,Física,0.53,0.34
818cea73,Paula,1,1,2025-03-20,3,Química,1.68,0.04
818cea73,Paula,1,1,2025-03-25,3,Biologia,1.46,0.62
818cea73,Paula,1,1,2025-03-09,3,Português,0.61,0.56
818cea73,Paula,1,1,2025-03-17,3,História,8.69,0.89
818cea73,Paula,1,1,2025-03-17,3,Geografia,4.4,0.43
818cea73,Paula,1,1,2025-03-03,3,Filosofia,4.83,0.97
818cea73,Paula,1,1,2025-03-16,3,Sociologia,9.97,0.85
818cea73,Paula,1,1,2025-03-19,3,Inglês,5.13,0.92
818cea73,Paula,1,2,2025-06-09,3,Matemática,0.77,0.26
818cea73,Paula,1,2,2025-06-13,3,Física,8.37,0.11
818cea73,Paula,1,2,2025-06-24,3,Química,2.85,0.64
818cea73,Paula,1,2,2025-06-16,3,Biologia,2.72,0.47
818cea73,Paula,1,2,2025-06-26,3,Português,3.4,0.21
818cea73,Paula,1,2,2025-06-24,3,História,7.19,0.17
818cea73,Paula,1,2,2025-06-09,3,Geografia,6.62,0.79
818cea73,Paula,1,2,2025-06-10,3,Filosofia,6.74,0.47
818cea73,Paula,1,2,2025-06-24,3,Sociologia,8.01,0.3
818cea73,Paula,1,2,2025-06-19,3,Inglês,4.06,0.5
818cea73,Paula,1,3,2025-09-03,3,Matemática,9.77,0.14
818cea73,Paula,1,3,2025-09-05,3,Física,7.71,0.23
818cea73,Paula,1,3,2025-09-21,3,Química,3.51,0.97
818cea73,Paula,1,3,2025-09-22,3,Biologia,6.71,0.37
818cea73,Paula,1,3,2025-09-05,3,Português,8.16,0.93
818cea73,Paula,1,3,2025-09-13,3,História,3.46,0.8
818cea73,Paula,1,3,2025-09-09,3,Geografia,7.89,0.13
818cea73,Paula,1,3,2025-09-11,3,Filosofia,1.44,0.68
818cea73,Paula,1,3,2025-09-10,3,Sociologia,6.34,0.5
818cea73,Paula,1,3,2025-09-12,3,Inglês,9.37,0.74
b106034d,Thiago,1,1,2025-03-07,3,Matemática,0.59,0.34
b106034d,Thiago,1,1,2025-03-26,3,Física,0.34,0.24
b106034d,Thiago,1,1,2025-03-26,3,Química,9.49,0.26
b106034d,Thiago,1,1,2025-03-20,3,Biologia,2.12,0.4
b106034d,Thiago,1,1,2025-03-04,3,Português,8.09,0.45
b106034d,Thiago,1,1,2025-03-12,3,História,0.84,0.06
b106034d,Thiago,1,1,2025-03-06,3,Geografia,6.31,0.1
b106034d,Thiago,1,1,2025-03-07,3,Filosofia,2.82,0.15
b106034d,Thiago,1,1,2025-03-10,3,Sociologia,1.9,0.31
b106034d,Thiago,1,1,2025-03-23,3,Inglês,7.52,0.62
b106034d,Thiago,1,2,2025-06-27,3,Matemática,4.26,0.17
b106034d,Thiago,1,2,2025-06-13,3,Física,8.98,0.44
b106034d,Thiago,1,2,2025-06-12,3,Química,5.98,0.98
b106034d,Thiago,1,2,2025-06-23,3,Biologia,3.56,0.99
b106034d,Thiago,1,2,2025-06-10,3,Português,0.81,0.2
b106034d,Thiago,1,2,2025-06-12,3,História,7.76,0.53
b106034d,Thiago,1,2,2025-06-03,3,Geografia,8.36,0.56
b106034d,Thiago,1,2,2025-06-13,3,Filosofia,6.8,0.91
b106034d,Thiago,1,2,2025-06-20,3,Sociologia,0.81,0.57
b106034d,Thiago,1,2,2025-06-26,3,Inglês,4.99,0.78
b106034d,Thiago,1,3,2025-09-01,3,Matemática,3.05,0.08
b106034d,Thiago,1,3,2025-09-15,3,Física,3.61,0.52
b106034d,Thiago,1,3,2025-09-25,3,Química,8.54,0.61
b106034d,Thiago,1,3,2025-09-06,3,Biologia,4.2,0.62
b106034d,Thiago,1,3,2025-09-18,3,Português,4.82,0.52
b106034d,Thiago,1,3,2025-09-03,3,História,8.23,0.93
b106034d,Thiago,1,3,2025-09-25,3,Geografia,5.86,0.38
b106034d,Thiago,1,3,2025-09-15,3,Filosofia,4.28,0.95
b106034d,Thiago,1,3,2025-09-27,3,Sociologia,7.13,0.08
b106034d,Thiago,1,3,2025-09-11,3,Inglês,3.38,0.34
d3675b98,Marcelo,1,1,2025-03-21,3,Matemática,1.7,0.0
d3675b98,Marcelo,1,1,2025-03-17,3,Física,9.75,0.96
d3675b98,Marcelo,1,1,2025-03-13,3,Química,1.32,0.26
d3675b98,Marcelo,1,1,2025-03-02,3,Biologia,2.3,0.47
d3675b98,Marcelo,1,1,2025-03-02,3,Português,9.55,0.05
d3675b98,Marcelo,1,1,2025-03-08,3,História,7.0,0.46
d3675b98,Marcelo,1,1,2025-03-19,3,Geografia,5.88,0.51
d3675b98,Marcelo,1,1,2025-03-10,3,Filosofia,3.41,0.39
d3675b98,Marcelo,1,1,2025-03-03,3,Sociologia,3.02,0.01
d3675b98,Marcelo,1,1,2025-03-28,3,Inglês,0.87,0.03
d3675b98,Marcelo,1,2,2025-06-15,3,Matemática,9.54,0.7
d3675b98,Marcelo,1,2,2025-06-13,3,Física,0.86,0.36
d3675b98,Marcelo,1,2,2025-06-06,3,Química,9.63,0.26
d3675b98,Marcelo,1,2,2025-06-27,3,Biologia,1.55,0.38
d3675b98,Marcelo,1,2,2025-06-09,3,Português,2.4,0.61
d3675b98,Marcelo,1,2,2025-06-05,3,História,3.11,0.5
d3675b98,Marcelo,1,2,2025-06-28,3,Geografia,4.97,0.34
d3675b98,Marcelo,1,2,2025-06-12,3,Filosofia,9.53,0.21
d3675b98,Marcelo,1,2,2025-06-21,3,Sociologia,7.76,0.46
d3675b98,Marcelo,1,2,2025-06-03,3,Inglês,6.09,0.79
d3675b98,Marcelo,1,3,2025-09-04,3,Matemática,5.15,0.3
d3675b98,Marcelo,1,3,2025-09-03,3,Física,4.1,0.26
d3675b98,Marcelo,1,3,2025-09-04,3,Química,6.81,0.41
d3675b98,Marcelo,1,3,2025-09-01,3,Biologia,9.07,0.06
d3675b98,Marcelo,1,3,2025-09-02,3,Português,8.35,0.16
d3675b98,Marcelo,1,3,2025-09-09,3,História,3.82,0.18
d3675b98,Marcelo,1,3,2025-09-26,3,Geografia,5.91,0.53
d3675b98,Marcelo,1,3,2025-09-16,3,Filosofia,6.02,0.88
d3675b98,Marcelo,1,3,2025-09-01,3,Sociologia,1.57,0.17
d3675b98,Marcelo,1,3,2025-09-19,3,Inglês,8.51,0.84
e1e87605,Kevin,1,1,2025-03-09,3,Matemática,9.88,0.85
e1e87605,Kevin,1,1,2025-03-18,3,Física,5.09,0.26
e1e87605,Kevin,1,1,2025-03-26,3,Química,4.32,0.28
e1e87605,Kevin,1,1,2025-03-14,3,Biologia,5.16,0.46
e1e87605,Kevin,1,1,2025-03-05,3,Português,9.67,0.99
e1e87605,Kevin,1,1,2025-03-12,3,História,5.66,0.35
e1e87605,Kevin,1,1,2025-03-05,3,Geografia,7.69,0.39
e1e87605,Kevin,1,1,2025-03-01,3,Filosofia,7.89,0.68
e1e87605,Kevin,1,1,2025-03-13,3,Sociologia,2.21,0.37
e1e87605,Kevin,1,1,2025-03-18,3,Inglês,4.96,0.84
e1e87605,Kevin,1,2,2025-06-21,3,Matemática,9.72,0.08
e1e87605,Kevin,1,2,2025-06-23,3,Física,6.47,0.78
e1e87605,Kevin,1,2,2025-06-10,3,Química,4.11,0.93
e1e87605,Kevin,1,2,2025-06-08,3,Biologia,4.32,0.57
e1e87605,Kevin,1,2,2025-06-28,3,Português,0.98,0.23
e1e87605,Kevin,1,2,2025-06-06,3,História,6.62,0.8
e1e87605,Kevin,1,2,2025-06-18,3,Geografia,9.95,0.88
e1e87605,Kevin,1,2,2025-06-24,3,Filosofia,2.92,0.6
e1e87605,Kevin,1,2,2025-06-05,3,Sociologia,8.35,0.51
e1e87605,Kevin,1,2,2025-06-16,3,Inglês,6.84,0.68
e1e87605,Kevin,1,3,2025-09-22,3,Matemática,5.29,0.57
e1e87605,Kevin,1,3,2025-09-11,3,Física,0.41,0.59
e1e87605,Kevin,1,3,2025-09-17,3,Química,8.69,0.58
e1e87605,Kevin,1,3,2025-09-04,3,Biologia,0.11,0.59
e1e87605,Kevin,1,3,2025-09-19,3,Português,9.54,0.68
e1e87605,Kevin,1,3,2025-09-25,3,História,0.02,0.31
e1e87605,Kevin,1,3,2025-09-06,3,Geografia,8.74,0.26
e1e87605,Kevin,1,3,2025-09-03,3,Filosofia,4.33,0.93
e1e87605,Kevin,1,3,2025-09-12,3,Sociologia,1.52,0.38
e1e87605,Kevin,1,3,2025-09-24,3,Inglês,9.09,0.83
6738c8a3,Daniela,1,1,2025-03-16,3,Matemática,7.8,0.94
6738c8a3,Daniela,1,1,2025-03-01,3,Física,1.3,0.69
6738c8a3,Daniela,1,1,2025-03-16,3,Química,2.26,0.85
6738c8a3,Daniela,1,1,2025-03-25,3,Biologia,0.16,0.99
6738c8a3,Daniela,1,1,2025-03-27,3,Português,9.84,0.8
6738c8a3,Daniela,1,1,2025-03-21,3,História,6.65,0.88
6738c8a3,Daniela,1,1,2025-03-25,3,Geografia,4.63,0.0
6738c8a3,Daniela,1,1,2025-03-12,3,Filosofia,0.15,0.27
6738c8a3,Daniela,1,1,2025-03-27,3,Sociologia,3.13,0.2
6738c8a3,Daniela,1,1,2025-03-17,3,Inglês,0.52,0.53
6738c8a3,Daniela,1,2,2025-06-07,3,Matemática,3.34,0.08
6738c8a3,Daniela,1,2,2025-06-07,3,Física,9.54,0.62
6738c8a3,Daniela,1,2,2025-06-08,3,Química,8.78,0.37
6738c8a3,Daniela,1,2,2025-06-03,3,Biologia,9.99,0.2
6738c8a3,Daniela,1,2,2025-06-11,3,Português,8.03,0.86
6738c8a3,Daniela,1,2,2025-06-18,3,História,8.75,0.78
6738c8a3,Daniela,1,2,2025-06-04,3,Geografia,4.89,0.37
6738c8a3,Daniela,1,2,2025-06-14,3,Filosofia,4.92,0.86
6738c8a3,Daniela,1,2,2025-06-08,3,Sociologia,8.09,0.56
6738c8a3,Daniela,1,2,2025-06-04,3,Inglês,2.69,0.24
6738c8a3,Daniela,1,3,2025-09-01,3,Matemática,1.91,0.61
6738c8a3,Daniela,1,3,2025-09-22,3,Física,5.48,0.1
6738c8a3,Daniela,1,3,2025-09-02,3,Química,8.45,0.79
6738c8a3,Daniela,1,3,2025-09-27,3,Biologia,8.24,0.47
6738c8a3,Daniela,1,3,2025-09-07,3,Português,4.83,0.12
6738c8a3,Daniela,1,3,2025-09-03,3,História,9.17,0.73
6738c8a3,Daniela,1,3,2025-09-07,3,Geografia,8.61,0.82
6738c8a3,Daniela,1,3,2025-09-13,3,Filosofia,7.17,0.04
6738c8a3,Daniela,1,3,2025-09-03,3,Sociologia,5.49,0.07
6738c8a3,Daniela,1,3,2025-09-18,3,Inglês,8.22,0.56
eaee4b52,Natália,1,1,2025-03-05,3,Matemática,3.67,0.9
eaee4b52,Natália,1,1,2025-03-07,3,Física,3.37,0.62
eaee4b52,Natália,1,1,2025-03-19,3,Química,5.19,0.23
eaee4b52,Natália,1,1,2025-03-09,3,Biologia,8.08,0.46
eaee4b52,Natália,1,1,2025-03-08,3,Português,0.7,0.5
eaee4b52,Natália,1,1,2025-03-04,3,História,7.15,0.72
eaee4b52,Natália,1,1,2025-03-25,3,Geografia,0.18,0.2
eaee4b52,Natália,1,1,2025-03-03,3,Filosofia,2.76,0.82
eaee4b52,Natália,1,1,2025-03-06,3,Sociologia,2.83,0.18
eaee4b52,Natália,1,1,2025-03-07,3,Inglês,5.08,0.24
eaee4b52,Natália,1,2,2025-06-07,3,Matemática,3.91,0.35
eaee4b52,Natália,1,2,2025-06-25,3,Física,0.91,0.46
eaee4b52,Natália,1,2,2025-06-11,3,Química,5.8,0.84
eaee4b52,Natália,1,2,2025-06-04,3,Biologia,9.69,0.89
eaee4b52,Natália,1,2,2025-06-15,3,Português,2.98,0.49
eaee4b52,Natália,1,2,2025-06-16,3,História,0.64,0.05
eaee4b52,Natália,1,2,2025-06-05,3,Geografia,4.08,0.12
eaee4b52,Natália,1,2,2025-06-02,3,Filosofia,1.46,0.13
eaee4b52,Natália,1,2,2025-06-16,3,Sociologia,9.63,0.22
eaee4b52,Natália,1,2,2025-06-23,3,Inglês,2.78,0.52
eaee4b52,Natália,1,3,2025-09-13,3,Matemática,4.11,0.5
eaee4b52,Natália,1,3,2025-09-09,3,Física,0.58,0.4
eaee4b52,Natália,1,3,2025-09-15,3,Química,5.71,0.43
eaee4b52,Natália,1,3,2025-09-02,3,Biologia,7.02,0.11
eaee4b52,Natália,1,3,2025-09-02,3,Português,6.11,0.91
eaee4b52,Natália,1,3,2025-09-14,3,História,4.39,0.89
eaee4b52,Natália,1,3,2025-09-19,3,Geografia,7.07,0.04
eaee4b52,Natália,1,3,2025-09-20,3,Filosofia,2.99,0.5
eaee4b52,Natália,1,3,2025-09-28,3,Sociologia,8.27,0.29
eaee4b52,Natália,1,3,2025-09-18,3,Inglês,2.29,0.7
7ea945a8,Juliana,2,1,2025-03-20,3,Matemática,6.05,0.59
7ea945a8,Juliana,2,1,2025-03-02,3,Física,0.08,0.86
7ea945a8,Juliana,2,1,2025-03-24,3,Química,6.63,0.65
7ea945a8,Juliana,2,1,2025-03-28,3,Biologia,8.43,0.38
7ea945a8,Juliana,2,1,2025-03-25,3,Português,8.86,0.43
7ea945a8,Juliana,2,1,2025-03-10,3,História,5.76,0.56
7ea945a8,Juliana,2,1,2025-03-20,3,Geografia,7.7,0.92
7ea945a8,Juliana,2,1,2025-03-04,3,Filosofia,9.27,0.06
7ea945a8,Juliana,2,1,2025-03-13,3,Sociologia,3.82,0.67
7ea945a8,Juliana,2,1,2025-03-21,3,Inglês,1.41,0.38
7ea945a8,Juliana,2,2,2025-06-09,3,Matemática,8.48,0.39
7ea945a8,Juliana,2,2,2025-06-01,3,Física,3.05,0.33
7ea945a8,Juliana,2,2,2025-06-18,3,Química,7.86,0.23
7ea945a8,Juliana,2,2,2025-06-22,3,Biologia,7.38,0.58
7ea945a8,Juliana,2,2,2025-06-16,3,Português,9.22,0.0
7ea945a8,Juliana,2,2,2025-06-15,3,História,8.35,1.0
7ea945a8,Juliana,2,2,2025-06-05,3,Geografia,1.49,0.11
7ea945a8,Juliana,2,2,2025-06-19,3,Filosofia,0.86,0.44
7ea945a8,Juliana,2,2,2025-06-02,3,Sociologia,4.95,0.4
7ea945a8,Juliana,2,2,2025-06-18,3,Inglês,2.57,0.04
7ea945a8,Juliana,2,3,2025-09-06,3,Matemática,8.36,0.62
7ea945a8,Juliana,2,3,2025-09-25,3,Física,7.37,0.12
7ea945a8,Juliana,2,3,2025-09-15,3,Química,4.04,0.45
7ea945a8,Juliana,2,3,2025-09-14,3,Biologia,3.79,0.54
7ea945a8,Juliana,2,3,2025-09-26,3,Português,6.54,0.65
7ea945a8,Juliana,2,3,2025-09-11,3,História,3.4,0.82
7ea945a8,Juliana,2,3,2025-09-11,3,Geografia,6.49,0.77
7ea945a8,Juliana,2,3,2025-09-20,3,Filosofia,7.82,0.64
7ea945a8,Juliana,2,3,2025-09-17,3,Sociologia,1.06,0.04
7ea945a8,Juliana,2,3,2025-09-24,3,Inglês,0.38,0.28
1c69499b,Kevin,2,1,2025-03-07,3,Matemática,5.92,0.73
1c69499b,Kevin,2,1,2025-03-23,3,Física,8.36,0.96
1c69499b,Kevin,2,1,2025-03-21,3,Química,7.15,0.47
1c69499b,Kevin,2,1,2025-03-19,3,Biologia,3.43,0.09
1c69499b,Kevin,2,1,2025-03-11,3,Português,4.25,0.38
1c69499b,Kevin,2,1,2025-03-08,3,História,6.8,0.48
1c69499b,Kevin,2,1,2025-03-23,3,Geografia,5.32,0.0
1c69499b,Kevin,2,1,2025-03-20,3,Filosofia,4.5,0.16
1c69499b,Kevin,2,1,2025-03-19,3,Sociologia,9.87,0.62
1c69499b,Kevin,2,1,2025-03-02,3,Inglês,4.89,0.93
1c69499b,Kevin,2,2,2025-06-02,3,Matemática,5.53,0.53
1c69499b,Kevin,2,2,2025-06-28,3,Física,4.14,0.27
1c69499b,Kevin,2,2,2025-06-01,3,Química,6.78,0.31
1c69499b,Kevin,2,2,2025-06-18,3,Biologia,0.81,0.4
1c69499b,Kevin,2,2,2025-06-13,3,Português,3.05,0.88
1c69499b,Kevin,2,2,2025-06-24,3,História,7.98,0.78
1c69499b,Kevin,2,2,2025-06-10,3,Geografia,4.61,0.33
1c69499b,Kevin,2,2,2025-06-13,3,Filosofia,7.61,0.85
1c69499b,Kevin,2,2,2025-06-15,3,Sociologia,6.16,0.38
1c69499b,Kevin,2,2,2025-06-26,3,Inglês,7.22,0.53
1c69499b,Kevin,2,3,2025-09-05,3,Matemática,1.73,0.82
1c69499b,Kevin,2,3,2025-09-25,3,Física,8.06,0.17
1c69499b,Kevin,2,3,2025-09-14,3,Química,8.72,0.57
1c69499b,Kevin,2,3,2025-09-26,3,Biologia,6.83,0.8
1c69499b,Kevin,2,3,2025-09-23,3,Português,0.12,0.99
1c69499b,Kevin,2,3,2025-09-11,3,História,4.6,0.23
1c69499b,Kevin,2,3,2025-09-20,3,Geografia,1.6,0.71
1c69499b,Kevin,2,3,2025-09-05,3,Filosofia,1.02,0.36
1c69499b,Kevin,2,3,2025-09-17,3,Sociologia,5.11,0.57
1c69499b,Kevin,2,3,2025-09-15,3,Inglês,7.5,0.98
0e5f2a4e,Thiago,2,1,2025-03-13,3,Matemática,3.45,0.06
0e5f2a4e,Thiago,2,1,2025-03-04,3,Física,7.89,0.05
0e5f2a4e,Thiago,2,1,2025-03-05,3,Química,4.34,0.59
0e5f2a4e,Thiago,2,1,2025-03-24,3,Biologia,4.07,0.98
0e5f2a4e,Thiago,2,1,2025-03-04,3,Português,1.02,0.25
0e5f2a4e,Thiago,2,1,2025-03-15,3,História,4.63,0.0
0e5f2a4e,Thiago,2,1,2025-03-15,3,Geografia,8.28,0.77
0e5f2a4e,Thiago,2,1,2025-03-05,3,Filosofia,5.72,0.46
0e5f2a4e,Thiago,2,1,2025-03-05,3,Sociologia,7.87,0.24
0e5f2a4e,Thiago,2,1,2025-03-08,3,Inglês,6.78,0.96
0e5f2a4e,Thiago,2,2,2025-06-24,3,Matemática,2.44,0.84
0e5f2a4e,Thiago,2,2,2025-06-17,3,Física,6.07,0.41
0e5f2a4e,Thiago,2,2,2025-06-18,3,Química,8.13,0.89
0e5f2a4e,Thiago,2,2,2025-06-04,3,Biologia,4.11,0.27
0e5f2a4e,Thiago,2,2,2025-06-22,3,Português,1.05,0.57
0e5f2a4e,Thiago,2,2,2025-06-27,3,História,9.97,0.91
0e5f2a4e,Thiago,2,2,2025-06-14,3,Geografia,7.98,0.49
0e5f2a4e,Thiago,2,2,2025-06-09,3,Filosofia,9.33,0.05
0e5f2a4e,Thiago,2,2,2025-06-12,3,Sociologia,7.59,0.01
0e5f2a4e,Thiago,2,2,2025-06-22,3,Inglês,3.55,0.74
0e5f2a4e,Thiago,2,3,2025-09-27,3,Matemática,9.4,0.47
0e5f2a4e,Thiago,2,3,2025-09-07,3,Física,2.81,0.3
0e5f2a4e,Thiago,2,3,2025-09-13,3,Química,4.26,0.93
0e5f2a4e,Thiago,2,3,2025-09-12,3,Biologia,3.95,0.12
0e5f2a4e,Thiago,2,3,2025-09-25,3,Português,3.21,0.21
0e5f2a4e,Thiago,2,3,2025-09-16,3,História,2.85,0.29
0e5f2a4e,Thiago,2,3,2025-09-07,3,Geografia,7.27,0.25
0e5f2a4e,Thiago,2,3,2025-09-06,3,Filosofia,4.77,0.31
0e5f2a4e,Thiago,2,3,2025-09-10,3,Sociologia,8.51,0.55
0e5f2a4e,Thiago,2,3,2025-09-27,3,Inglês,2.97,0.6
8a347324,Thiago,2,1,2025-03-16,3,Matemática,7.04,0.65
8a347324,Thiago,2,1,2025-03-18,3,Física,7.01,0.28
8a347324,Thiago,2,1,2025-03-21,3,Química,8.61,0.69
8a347324,Thiago,2,1,2025-03-21,3,Biologia,8.19,0.89
8a347324,Thiago,2,1,2025-03-19,3,Português,6.14,0.58
8a347324,Thiago,2,1,2025-03-08,3,História,3.9,0.01
8a347324,Thiago,2,1,2025-03-25,3,Geografia,9.02,0.86
8a347324,Thiago,2,1,2025-03-07,3,Filosofia,8.6,0.89
8a347324,Thiago,2,1,2025-03-27,3,Sociologia,1.46,0.9
8a347324,Thiago,2,1,2025-03-07,3,Inglês,8.03,0.3
8a347324,Thiago,2,2,2025-06-15,3,Matemática,2.59,0.07
8a347324,Thiago,2,2,2025-06-27,3,Física,5.21,0.08
8a347324,Thiago,2,2,2025-06-10,3,Química,4.38,0.25
8a347324,Thiago,2,2,2025-06-09,3,Biologia,2.69,0.96
8a347324,Thiago,2,2,2025-06-14,3,Português,6.13,0.72
8a347324,Thiago,2,2,2025-06-18,3,História,0.64,0.33
8a347324,Thiago,2,2,2025-06-13,3,Geografia,1.91,0.62
8a347324,Thiago,2,2,2025-06-14,3,Filosofia,0.87,0.04
8a347324,Thiago,2,2,2025-06-08,3,Sociologia,2.0,0.45
8a347324,Thiago,2,2,2025-06-02,3,Inglês,8.45,0.47
8a347324,Thiago,2,3,2025-09-04,3,Matemática,8.5,0.31
8a347324,Thiago,2,3,2025-09-13,3,Física,3.75,0.59
8a347324,Thiago,2,3,2025-09-05,3,Química,1.35,0.95
8a347324,Thiago,2,3,2025-09-13,3,Biologia,0.59,0.18
8a347324,Thiago,2,3,2025-09-22,3,Português,7.15,0.66
8a347324,Thiago,2,3,2025-09-07,3,História,0.37,0.97
8a347324,Thiago,2,3,2025-09-16,3,Geografia,4.05,0.25
8a347324,Thiago,2,3,2025-09-04,3,Filosofia,3.08,0.65
8a347324,Thiago,2,3,2025-09-06,3,Sociologia,4.36,0.15
8a347324,Thiago,2,3,2025-09-01,3,Inglês,1.18,0.98
ab62851f,Igor,2,1,2025-03-09,3,Matemática,8.08,0.72
ab62851f,Igor,2,1,2025-03-03,3,Física,3.97,0.04
ab62851f,Igor,2,1,2025-03-12,3,Química,9.61,0.26
ab62851f,Igor,2,1,2025-03-04,3,Biologia,1.73,0.83
ab62851f,Igor,2,1,2025-03-01,3,Português,2.68,0.26
ab62851f,Igor,2,1,2025-03-08,3,História,1.38,0.07
ab62851f,Igor,2,1,2025-03-17,3,Geografia,9.64,0.21
ab62851f,Igor,2,1,2025-03-04,3,Filosofia,1.19,0.1
ab62851f,Igor,2,1,2025-03-01,3,Sociologia,9.3,0.17
ab62851f,Igor,2,1,2025-03-20,3,Inglês,5.55,0.26
ab62851f,Igor,2,2,2025-06-09,3,Matemática,4.7,0.58
ab62851f,Igor,2,2,2025-06-26,3,Física,1.72,0.99
ab62851f,Igor,2,2,2025-06-25,3,Química,0.13,0.68
ab62851f,Igor,2,2,2025-06-16,3,Biologia,4.54,0.19
ab62851f,Igor,2,2,2025-06-11,3,Português,1.66,0.8
ab62851f,Igor,2,2,2025-06-28,3,História,0.32,0.52
ab62851f,Igor,2,2,2025-06-20,3,Geografia,6.57,0.4
ab62851f,Igor,2,2,2025-06-07,3,Filosofia,3.61,0.83
ab62851f,Igor,2,2,2025-06-20,3,Sociologia,8.17,0.68
ab62851f,Igor,2,2,2025-06-21,3,Inglês,7.7,0.77
ab62851f,Igor,2,3,2025-09-23,3,Matemática,8.44,0.97
ab62851f,Igor,2,3,2025-09-23,3,Física,1.78,0.6
ab62851f,Igor,2,3,2025-09-04,3,Química,2.21,0.76
ab62851f,Igor,2,3,2025-09-20,3,Biologia,0.72,0.32
ab62851f,Igor,2,3,2025-09-28,3,Português,6.59,0.36
ab62851f,Igor,2,3,2025-09-13,3,História,8.59,0.84
ab62851f,Igor,2,3,2025-09-16,3,Geografia,3.76,0.33
ab62851f,Igor,2,3,2025-09-25,3,Filosofia,6.89,0.9
ab62851f,Igor,2,3,2025-09-26,3,Sociologia,2.74,0.98
ab62851f,Igor,2,3,2025-09-08,3,Inglês,9.09,0.09
54afb328,Thiago,2,1,2025-03-03,3,Matemática,6.73,0.98
54afb328,Thiago,2,1,2025-03-24,3,Física,4.83,0.32
54afb328,Thiago,2,1,2025-03-21,3,Química,4.84,0.74
54afb328,Thiago,2,1,2025-03-26,3,Biologia,7.93,0.7
54afb328,Thiago,2,1,2025-03-26,3,Português,8.69,0.56
54afb328,Thiago,2,1,2025-03-25,3,História,5.56,0.44
54afb328,Thiago,2,1,2025-03-27,3,Geografia,1.42,0.89
54afb328,Thiago,2,1,2025-03-23,3,Filosofia,5.82,0.76
54afb328,Thiago,2,1,2025-03-09,3,Sociologia,5.63,0.44
54afb328,Thiago,2,1,2025-03-16,3,Inglês,4.59,0.45
54afb328,Thiago,2,2,2025-06-25,3,Matemática,9.07,0.21
54afb328,Thiago,2,2,2025-06-13,3,Física,0.21,0.65
54afb328,Thiago,2,2,2025-06-23,3,Química,1.4,0.79
54afb328,Thiago,2,2,2025-06-02,3,Biologia,8.91,0.74
54afb328,Thiago,2,2,2025-06-04,3,Português,2.73,0.64
54afb328,Thiago,2,2,2025-06-06,3,História,3.08,0.33
54afb328,Thiago,2,2,2025-06-28,3,Geografia,3.37,0.18
54afb328,Thiago,2,2,2025-06-05,3,Filosofia,6.01,0.67
54afb328,Thiago,2,2,2025-06-12,3,Sociologia,4.04,0.58
54afb328,Thiago,2,2,2025-06-21,3,Inglês,8.32,0.01
54afb328,Thiago,2,3,2025-09-22,3,Matemática,7.2,0.36
54afb328,Thiago,2,3,2025-09-16,3,Física,8.98,0.87
54afb328,Thiago,2,3,2025-09-24,3,Química,6.61,0.86
54afb328,Thiago,2,3,2025-09-02,3,Biologia,7.11,0.08
54afb328,Thiago,2,3,2025-09-14,3,Português,2.31,0.74
54afb328,Thiago,2,3,2025-09-03,3,História,2.17,0.9
54afb328,Thiago,2,3,2025-09-24,3,Geografia,6.41,0.18
54afb328,Thiago,2,3,2025-09-24,3,Filosofia,8.32,0.09
54afb328,Thiago,2,3,2025-09-05,3,Sociologia,4.49,0.17
54afb328,Thiago,2,3,2025-09-26,3,Inglês,1.88,0.32
c4d1d752,Natália,2,1,2025-03-17,3,Matemática,1.87,0.44
c4d1d752,Natália,2,1,2025-03-28,3,Física,1.35,0.54
c4d1d752,Natália,2,1,2025-03-09,3,Química,0.38,0.98
c4d1d752,Natália,2,1,2025-03-16,3,Biologia,0.45,0.48
c4d1d752,Natália,2,1,2025-03-25,3,Português,9.9,0.8
c4d1d752,Natália,2,1,2025-03-25,3,História,0.26,0.18
c4d1d752,Natália,2,1,2025-03-20,3,Geografia,6.63,0.49
c4d1d752,Natália,2,1,2025-03-05,3,Filosofia,8.36,0.75
c4d1d752,Natália,2,1,2025-03-26,3,Sociologia,2.87,0.85
c4d1d752,Natália,2,1,2025-03-18,3,Inglês,3.71,0.18
c4d1d752,Natália,2,2,2025-06-10,3,Matemática,0.59,0.34
c4d1d752,Natália,2,2,2025-06-18,3,Física,5.26,0.73
c4d1d752,Natália,2,2,2025-06-04,3,Química,1.34,0.45
c4d1d752,Natália,2,2,2025-06-15,3,Biologia,7.25,0.56
c4d1d752,Natália,2,2,2025-06-15,3,Português,5.47,0.26
c4d1d752,Natália,2,2,2025-06-05,3,História,9.48,0.85
c4d1d752,Natália,2,2,2025-06-24,3,Geografia,1.87,0.62
c4d1d752,Natália,2,2,2025-06-27,3,Filosofia,2.58,0.38
c4d1d752,Natália,2,2,2025-06-28,3,Sociologia,4.89,0.67
c4d1d752,Natália,2,2,2025-06-23,3,Inglês,6.31,0.92
c4d1d752,Natália,2,3,2025-09-10,3,Matemática,7.59,0.42
c4d1d752,Natália,2,3,2025-09-02,3,Física,5.23,0.64
c4d1d752,Natália,2,3,2025-09-02,3,Química,8.42,0.85
c4d1d752,Natália,2,3,2025-09-12,3,Biologia,4.78,0.66
c4d1d752,Natália,2,3,2025-09-08,3,Português,4.48,0.72
c4d1d752,Natália,2,3,2025-09-25,3,História,3.72,0.52
c4d1d752,Natália,2,3,2025-09-07,3,Geografia,0.34,0.23
c4d1d752,Natália,2,3,2025-09-26,3,Filosofia,5.16,0.46
c4d1d752,Natália,2,3,2025-09-17,3,Sociologia,5.17,0.81
c4d1d752,Natália,2,3,2025-09-28,3,Inglês,4.4,0.28
fa478217,Daniela,2,1,2025-03-25,3,Matemática,2.77,0.08
fa478217,Daniela,2,1,2025-03-19,3,Física,2.37,0.07
fa478217,Daniela,2,1,2025-03-19,3,Química,5.46,0.11
fa478217,Daniela,2,1,2025-03-20,3,Biologia,1.8,0.34
fa478217,Daniela,2,1,2025-03-22,3,Português,8.14,0.64
fa478217,Daniela,2,1,2025-03-06,3,História,9.94,0.84
fa478217,Daniela,2,1,2025-03-08,3,Geografia,9.15,0.78
fa478217,Daniela,2,1,2025-03-27,3,Filosofia,6.02,0.4
fa478217,Daniela,2,1,2025-03-18,3,Sociologia,3.4,0.58
fa478217,Daniela,2,1,2025-03-25,3,Inglês,8.26,0.21
fa478217,Daniela,2,2,2025-06-22,3,Matemática,1.11,0.36
fa478217,Daniela,2,2,2025-06-11,3,Física,6.15,0.74
fa478217,Daniela,2,2,2025-06-21,3,Química,7.82,0.82
fa478217,Daniela,2,2,2025-06-09,3,Biologia,3.0,0.52
fa478217,Daniela,2,2,2025-06-12,3,Português,7.6,0.18
fa478217,Daniela,2,2,2025-06-22,3,História,2.59,0.83
fa478217,Daniela,2,2,2025-06-14,3,Geografia,0.87,0.29
fa478217,Daniela,2,2,2025-06-04,3,Filosofia,7.34,0.51
fa478217,Daniela,2,2,2025-06-12,3,Sociologia,9.73,0.25
fa478217,Daniela,2,2,2025-06-14,3,Inglês,0.03,0.22
fa478217,Daniela,2,3,2025-09-05,3,Matemática,6.53,0.03
fa478217,Daniela,2,3,2025-09-18,3,Física,1.9,0.43
fa478217,Daniela,2,3,2025-09-03,3,Química,4.49,0.99
fa478217,Daniela,2,3,2025-09-02,3,Biologia,2.87,0.45
fa478217,Daniela,2,3,2025-09-06,3,Português,6.45,0.55
fa478217,Daniela,2,3,2025-09-04,3,História,9.92,0.52
fa478217,Daniela,2,3,2025-09-18,3,Geografia,7.98,0.19
fa478217,Daniela,2,3,2025-09-15,3,Filosofia,4.48,0.6
fa478217,Daniela,2,3,2025-09-04,3,Sociologia,3.48,0.07
fa478217,Daniela,2,3,2025-09-17,3,Inglês,3.05,0.34
20516a1a,Larissa,2,1,2025-03-11,3,Matemática,1.99,0.37
20516a1a,Larissa,2,1,2025-03-05,3,Física,6.9,0.01
20516a1a,Larissa,2,1,2025-03-08,3,Química,8.46,0.71
20516a1a,Larissa,2,1,2025-03-05,3,Biologia,3.76,0.66
20516a1a,Larissa,2,1,2025-03-24,3,Português,7.39,0.06
20516a1a,Larissa,2,1,2025-03-05,3,História,4.65,0.7
20516a1a,Larissa,2,1,2025-03-25,3,Geografia,3.29,0.98
20516a1a,Larissa,2,1,2025-03-21,3,Filosofia,0.16,0.9
20516a1a,Larissa,2,1,2025-03-13,3,Sociologia,6.24,0.16
20516a1a,Larissa,2,1,2025-03-10,3,Inglês,8.84,0.57
20516a1a,Larissa,2,2,2025-06-04,3,Matemática,3.49,0.06
20516a1a,Larissa,2,2,2025-06-21,3,Física,3.9,0.85
20516a1a,Larissa,2,2,2025-06-17,3,Química,5.78,0.83
20516a1a,Larissa,2,2,2025-06-25,3,Biologia,4.11,0.61
20516a1a,Larissa,2,2,2025-06-04,3,Português,2.29,0.26
20516a1a,Larissa,2,2,2025-06-11,3,História,7.2,0.16
20516a1a,Larissa,2,2,2025-06-24,3,Geografia,7.11,0.35
20516a1a,Larissa,2,2,2025-06-14,3,Filosofia,5.47,0.29
20516a1a,Larissa,2,2,2025-06-27,3,Sociologia,4.29,0.6
20516a1a,Larissa,2,2,2025-06-16,3,Inglês,1.17,0.44
20516a1a,Larissa,2,3,2025-09-03,3,Matemática,5.57,0.04
20516a1a,Larissa,2,3,2025-09-28,3,Física,4.14,0.14
20516a1a,Larissa,2,3,2025-09-22,3,Química,9.85,0.31
20516a1a,Larissa,2,3,2025-09-16,3,Biologia,0.39,0.69
20516a1a,Larissa,2,3,2025-09-22,3,Português,8.81,0.56
20516a1a,Larissa,2,3,2025-09-02,3,História,2.58,0.64
20516a1a,Larissa,2,3,2025-09-04,3,Geografia,2.49,1.0
20516a1a,Larissa,2,3,2025-09-26,3,Filosofia,7.62,0.51
20516a1a,Larissa,2,3,2025-09-01,3,Sociologia,1.56,0.44
20516a1a,Larissa,2,3,2025-09-22,3,Inglês,2.25,0.63
f30c1e4d,Ricardo,2,1,2025-03-25,3,Matemática,7.98,0.29
f30c1e4d,Ricardo,2,1,2025-03-20,3,Física,2.7,0.84
f30c1e4d,Ricardo,2,1,2025-03-18,3,Química,7.92,0.71
f30c1e4d,Ricardo,2,1,2025-03-24,3,Biologia,3.25,0.4
f30c1e4d,Ricardo,2,1,2025-03-18,3,Português,0.21,0.34
f30c1e4d,Ricardo,2,1,2025-03-13,3,História,5.15,0.24
f30c1e4d,Ricardo,2,1,2025-03-06,3,Geografia,3.81,0.96
f30c1e4d,Ricardo,2,1,2025-03-26,3,Filosofia,6.1,0.18
f30c1e4d,Ricardo,2,1,2025-03-09,3,Sociologia,0.43,0.41
f30c1e4d,Ricardo,2,1,2025-03-12,3,Inglês,7.8,0.97
f30c1e4d,Ricardo,2,2,2025-06-20,3,Matemática,3.92,0.89
f30c1e4d,Ricardo,2,2,2025-06-18,3,Física,6.97,0.34
f30c1e4d,Ricardo,2,2,2025-06-27,3,Química,5.71,0.58
f30c1e4d,Ricardo,2,2,2025-06-06,3,Biologia,2.46,0.58
f30c1e4d,Ricardo,2,2,2025-06-27,3,Português,5.88,0.24
f30c1e4d,Ricardo,2,2,2025-06-25,3,História,7.73,0.29
f30c1e4d,Ricardo,2,2,2025-06-14,3,Geografia,8.44,0.54
f30c1e4d,Ricardo,2,2,2025-06-20,3,Filosofia,4.27,0.72
f30c1e4d,Ricardo,2,2,2025-06-17,3,Sociologia,4.99,0.8
f30c1e4d,Ricardo,2,2,2025-06-16,3,Inglês,4.19,0.52
f30c1e4d,Ricardo,2,3,2025-09-16,3,Matemática,3.86,0.28
f30c1e4d,Ricardo,2,3,2025-09-02,3,Física,4.5,0.31
f30c1e4d,Ricardo,2,3,2025-09-13,3,Química,8.33,0.45
f30c1e4d,Ricardo,2,3,2025-09-05,3,Biologia,3.74,0.82
f30c1e4d,Ricardo,2,3,2025-09-25,3,Português,0.61,0.01
f30c1e4d,Ricardo,2,3,2025-09-25,3,História,2.5,0.13
f30c1e4d,Ricardo,2,3,2025-09-06,3,Geografia,1.49,0.82
f30c1e4d,Ricardo,2,3,2025-09-24,3,Filosofia,2.52,0.88
f30c1e4d,Ricardo,2,3,2025-09-17,3,Sociologia,2.69,0.25
f30c1e4d,Ricardo,2,3,2025-09-22,3,Inglês,2.02,0.75
f287c2cb,Daniela,3,1,2025-03-17,3,Matemática,6.12,0.77
f287c2cb,Daniela,3,1,2025-03-01,3,Física,2.41,0.86
f287c2cb,Daniela,3,1,2025-03-08,3,Química,3.12,0.29
f287c2cb,Daniela,3,1,2025-03-19,3,Biologia,8.43,0.46
f287c2cb,Daniela,3,1,2025-03-05,3,Português,1.46,0.63
f287c2cb,Daniela,3,1,2025-03-21,3,História,3.89,0.96
f287c2cb,Daniela,3,1,2025-03-17,3,Geografia,9.74,0.79
f287c2cb,Daniela,3,1,2025-03-09,3,Filosofia,3.78,0.27
f287c2cb,Daniela,3,1,2025-03-13,3,Sociologia,4.97,0.44
f287c2cb,Daniela,3,1,2025-03-07,3,Inglês,7.4,0.18
f287c2cb,Daniela,3,2,2025-06-12,3,Matemática,8.63,0.47
f287c2cb,Daniela,3,2,2025-06-24,3,Física,3.68,0.78
f287c2cb,Daniela,3,2,2025-06-20,3,Química,9.65,0.62
f287c2cb,Daniela,3,2,2025-06-20,3,Biologia,7.6,0.2
f287c2cb,Daniela,3,2,2025-06-09,3,Português,7.31,0.9
f287c2cb,Daniela,3,2,2025-06-22,3,História,2.94,0.44
f287c2cb,Daniela,3,2,2025-06-04,3,Geografia,1.16,0.46
f287c2cb,Daniela,3,2,2025-06-03,3,Filosofia,1.97,0.08
f287c2cb,Daniela,3,2,2025-06-19,3,Sociologia,6.32,0.64
f287c2cb,Daniela,3,2,2025-06-08,3,Inglês,8.64,0.03
f287c2cb,Daniela,3,3,2025-09-07,3,Matemática,0.43,0.48
f287c2cb,Daniela,3,3,2025-09-02,3,Física,4.25,0.13
f287c2cb,Daniela,3,3,2025-09-08,3,Química,6.59,0.15
f287c2cb,Daniela,3,3,2025-09-28,3,Biologia,3.46,0.46
f287c2cb,Daniela,3,3,2025-09-20,3,Português,9.77,0.76
f287c2cb,Daniela,3,3,2025-09-24,3,História,4.07,0.35
f287c2cb,Daniela,3,3,2025-09-18,3,Geografia,3.57,0.33
f287c2cb,Daniela,3,3,2025-09-24,3,Filosofia,5.85,0.26
f287c2cb,Daniela,3,3,2025-09-24,3,Sociologia,7.05,0.92
f287c2cb,Daniela,3,3,2025-09-06,3,Inglês,7.22,0.66
7675856f,Ricardo,3,1,2025-03-01,3,Matemática,7.58,0.2
7675856f,Ricardo,3,1,2025-03-13,3,Física,7.47,0.24
7675856f,Ricardo,3,1,2025-03-04,3,Química,4.09,0.77
7675856f,Ricardo,3,1,2025-03-04,3,Biologia,1.29,0.0
7675856f,Ricardo,3,1,2025-03-17,3,Português,7.98,0.22
7675856f,Ricardo,3,1,2025-03-13,3,História,7.01,0.82
7675856f,Ricardo,3,1,2025-03-18,3,Geografia,1.02,0.66
7675856f,Ricardo,3,1,2025-03-23,3,Filosofia,1.63,0.37
7675856f,Ricardo,3,1,2025-03-26,3,Sociologia,4.6,0.06
7675856f,Ricardo,3,1,2025-03-12,3,Inglês,8.85,0.32
7675856f,Ricardo,3,2,2025-06-28,3,Matemática,8.84,0.98
7675856f,Ricardo,3,2,2025-06-01,3,Física,2.23,0.2
7675856f,Ricardo,3,2,2025-06-04,3,Química,1.31,0.99
7675856f,Ricardo,3,2,2025-06-26,3,Biologia,5.43,0.51
7675856f,Ricardo,3,2,2025-06-24,3,Português,3.22,0.78
7675856f,Ricardo,3,2,2025-06-19,3,História,1.76,0.73
7675856f,Ricardo,3,2,2025-06-14,3,Geografia,2.15,0.06
7675856f,Ricardo,3,2,2025-06-19,3,Filosofia,8.52,0.36
7675856f,Ricardo,3,2,2025-06-25,3,Sociologia,3.17,0.05
7675856f,Ricardo,3,2,2025-06-28,3,Inglês,6.28,0.12
7675856f,Ricardo,3,3,2025-09-25,3,Matemática,9.07,0.19
7675856f,Ricardo,3,3,2025-09-12,3,Física,5.8,0.71
7675856f,Ricardo,3,3,2025-09-02,3,Química,4.13,0.47
7675856f,Ricardo,3,3,2025-09-23,3,Biologia,4.89,0.43
7675856f,Ricardo,3,3,2025-09-11,3,Português,1.84,0.99
7675856f,Ricardo,3,3,2025-09-22,3,História,8.63,0.95
7675856f,Ricardo,3,3,2025-09-26,3,Geografia,4.79,0.75
7675856f,Ricardo,3,3,2025-09-02,3,Filosofia,7.01,0.03
7675856f,Ricardo,3,3,2025-09-09,3,Sociologia,5.73,0.4
7675856f,Ricardo,3,3,2025-09-17,3,Inglês,6.39,0.95
608e86bd,Igor,3,1,2025-03-13,3,Matemática,8.98,0.07
608e86bd,Igor,3,1,2025-03-03,3,Física,1.06,1.0
608e86bd,Igor,3,1,2025-03-25,3,Química,7.08,0.33
608e86bd,Igor,3,1,2025-03-14,3,Biologia,1.62,0.04
608e86bd,Igor,3,1,2025-03-08,3,Português,5.2,0.29
608e86bd,Igor,3,1,2025-03-14,3,História,5.41,0.86
608e86bd,Igor,3,1,2025-03-16,3,Geografia,2.45,0.67
608e86bd,Igor,3,1,2025-03-22,3,Filosofia,6.95,0.85
608e86bd,Igor,3,1,2025-03-27,3,Sociologia,7.53,0.82
608e86bd,Igor,3,1,2025-03-08,3,Inglês,7.05,0.12
608e86bd,Igor,3,2,2025-06-13,3,Matemática,3.62,0.8
608e86bd,Igor,3,2,2025-06-13,3,Física,7.44,0.88
608e86bd,Igor,3,2,2025-06-19,3,Química,0.45,0.64
608e86bd,Igor,3,2,2025-06-24,3,Biologia,6.57,0.72
608e86bd,Igor,3,2,2025-06-09,3,Português,3.4,0.72
608e86bd,Igor,3,2,2025-06-24,3,História,8.67,0.31
608e86bd,Igor,3,2,2025-06-15,3,Geografia,9.64,0.84
608e86bd,Igor,3,2,2025-06-18,3,Filosofia,5.78,0.98
608e86bd,Igor,3,2,2025-06-10,3,Sociologia,6.63,0.44
608e86bd,Igor,3,2,2025-06-28,3,Inglês,6.68,0.47
608e86bd,Igor,3,3,2025-09-12,3,Matemática,4.94,0.38
608e86bd,Igor,3,3,2025-09-06,3,Física,1.62,0.54
608e86bd,Igor,3,3,2025-09-03,3,Química,8.97,0.44
608e86bd,Igor,3,3,2025-09-26,3,Biologia,1.77,0.74
608e86bd,Igor,3,3,2025-09-18,3,Português,6.84,0.05
608e86bd,Igor,3,3,2025-09-17,3,História,7.51,0.82
608e86bd,Igor,3,3,2025-09-03,3,Geografia,8.52,0.48
608e86bd,Igor,3,3,2025-09-13,3,Filosofia,9.13,0.7
608e86bd,Igor,3,3,2025-09-11,3,Sociologia,2.54,0.82
608e86bd,Igor,3,3,2025-09-28,3,Inglês,8.21,0.81
64899ff0,Vanessa,3,1,2025-03-02,3,Matemática,9.02,0.3
64899ff0,Vanessa,3,1,2025-03-02,3,Física,1.44,0.69
64899ff0,Vanessa,3,1,2025-03-28,3,Química,7.76,0.96
64899ff0,Vanessa,3,1,2025-03-24,3,Biologia,7.86,0.68
64899ff0,Vanessa,3,1,2025-03-01,3,Português,8.18,0.25
64899ff0,Vanessa,3,1,2025-03-23,3,História,4.47,0.89
64899ff0,Vanessa,3,1,2025-03-13,3,Geografia,6.11,0.5
64899ff0,Vanessa,3,1,2025-03-15,3,Filosofia,7.16,0.67
64899ff0,Vanessa,3,1,2025-03-23,3,Sociologia,3.67,0.43
64899ff0,Vanessa,3,1,2025-03-07,3,Inglês,6.55,0.36
64899ff0,Vanessa,3,2,2025-06-19,3,Matemática,3.05,0.76
64899ff0,Vanessa,3,2,2025-06-15,3,Física,3.3,0.76
64899ff0,Vanessa,3,2,2025-06-01,3,Química,2.57,0.9
64899ff0,Vanessa,3,2,2025-06-10,3,Biologia,0.06,0.58
64899ff0,Vanessa,3,2,2025-06-06,3,Português,3.44,0.03
64899ff0,Vanessa,3,2,2025-06-22,3,História,4.8,0.93
64899ff0,Vanessa,3,2,2025-06-04,3,Geografia,5.78,0.9
64899ff0,Vanessa,3,2,2025-06-05,3,Filosofia,7.44,0.99
64899ff0,Vanessa,3,2,2025-06-23,3,Sociologia,1.54,0.31
64899ff0,Vanessa,3,2,2025-06-13,3,Inglês,9.81,0.42
64899ff0,Vanessa,3,3,2025-09-22,3,Matemática,0.19,0.07
64899ff0,Vanessa,3,3,2025-09-10,3,Física,1.75,0.77
64899ff0,Vanessa,3,3,2025-09-20,3,Química,3.47,0.85
64899ff0,Vanessa,3,3,2025-09-01,3,Biologia,4.95,0.53
64899ff0,Vanessa,3,3,2025-09-13,3,Português,8.08,0.48
64899ff0,Vanessa,3,3,2025-09-24,3,História,2.87,0.19
64899ff0,Vanessa,3,3,2025-09-04,3,Geografia,8.15,0.51
64899ff0,Vanessa,3,3,2025-09-04,3,Filosofia,9.6,0.36
64899ff0,Vanessa,3,3,2025-09-17,3,Sociologia,2.36,0.18
64899ff0,Vanessa,3,3,2025-09-07,3,Inglês,3.49,0.45
752023c9,Otávio,3,1,2025-03-14,3,Matemática,4.56,0.1
752023c9,Otávio,3,1,2025-03-01,3,Física,1.67,0.92
752023c9,Otávio,3,1,2025-03-18,3,Química,9.89,0.45
752023c9,Otávio,3,1,2025-03-17,3,Biologia,2.52,0.89
752023c9,Otávio,3,1,2025-03-28,3,Português,0.22,0.68
752023c9,Otávio,3,1,2025-03-22,3,História,4.19,0.42
752023c9,Otávio,3,1,2025-03-11,3,Geografia,6.09,0.9
752023c9,Otávio,3,1,2025-03-12,3,Filosofia,2.29,0.27
752023c9,Otávio,3,1,2025-03-12,3,Sociologia,9.72,0.45
752023c9,Otávio,3,1,2025-03-10,3,Inglês,7.15,0.77
752023c9,Otávio,3,2,2025-06-24,3,Matemática,7.55,0.75
752023c9,Otávio,3,2,2025-06-17,3,Física,8.47,0.68
752023c9,Otávio,3,2,2025-06-24,3,Química,3.27,0.03
752023c9,Otávio,3,2,2025-06-11,3,Biologia,6.81,0.69
752023c9,Otávio,3,2,2025-06-20,3,Português,3.18,0.87
752023c9,Otávio,3,2,2025-06-21,3,História,3.87,0.35
752023c9,Otávio,3,2,2025-06-25,3,Geografia,5.92,0.32
752023c9,Otávio,3,2,2025-06-02,3,Filosofia,2.02,0.73
752023c9,Otávio,3,2,2025-06-14,3,Sociologia,4.23,0.64
752023c9,Otávio,3,2,2025-06-10,3,Inglês,6.49,0.94
752023c9,Otávio,3,3,2025-09-24,3,Matemática,3.06,0.8
752023c9,Otávio,3,3,2025-09-02,3,Física,1.22,0.69
752023c9,Otávio,3,3,2025-09-05,3,Química,9.26,0.39
752023c9,Otávio,3,3,2025-09-26,3,Biologia,5.11,0.42
752023c9,Otávio,3,3,2025-09-21,3,Português,8.69,0.67
752023c9,Otávio,3,3,2025-09-01,3,História,0.65,0.84
752023c9,Otávio,3,3,2025-09-06,3,Geografia,3.62,0.81
752023c9,Otávio,3,3,2025-09-26,3,Filosofia,6.74,0.69
752023c9,Otávio,3,3,2025-09-06,3,Sociologia,5.29,0.8
752023c9,Otávio,3,3,2025-09-24,3,Inglês,6.35,0.08
7018c144,Fernanda,3,1,2025-03-07,3,Matemática,9.95,0.95
7018c144,Fernanda,3,1,2025-03-23,3,Física,3.74,0.15
7018c144,Fernanda,3,1,2025-03-08,3,Química,3.9,0.77
7018c144,Fernanda,3,1,2025-03-15,3,Biologia,2.26,0.53
7018c144,Fernanda,3,1,2025-03-25,3,Português,8.08,0.68
7018c144,Fernanda,3,1,2025-03-21,3,História,4.38,0.21
7018c144,Fernanda,3,1,2025-03-02,3,Geografia,7.61,0.37
7018c144,Fernanda,3,1,2025-03-25,3,Filosofia,6.38,0.79
7018c144,Fernanda,3,1,2025-03-06,3,Sociologia,0.62,1.0
7018c144,Fernanda,3,1,2025-03-01,3,Inglês,7.12,0.73
7018c144,Fernanda,3,2,2025-06-12,3,Matemática,0.99,0.18
7018c144,Fernanda,3,2,2025-06-01,3,Física,4.86,0.91
7018c144,Fernanda,3,2,2025-06-20,3,Química,8.81,0.16
7018c144,Fernanda,3,2,2025-06-10,3,Biologia,4.42,0.71
7018c144,Fernanda,3,2,2025-06-01,3,Português,6.13,0.87
7018c144,Fernanda,3,2,2025-06-01,3,História,8.24,0.64
7018c144,Fernanda,3,2,2025-06-27,3,Geografia,8.77,0.17
7018c144,Fernanda,3,2,2025-06-10,3,Filosofia,4.29,0.52
7018c144,Fernanda,3,2,2025-06-22,3,Sociologia,7.85,0.44
7018c144,Fernanda,3,2,2025-06-20,3,Inglês,4.86,0.19
7018c144,Fernanda,3,3,2025-09-10,3,Matemática,7.99,0.07
7018c144,Fernanda,3,3,2025-09-25,3,Física,1.15,0.07
7018c144,Fernanda,3,3,2025-09-24,3,Química,5.12,0.49
7018c144,Fernanda,3,3,2025-09-27,3,Biologia,9.45,0.83
7018c144,Fernanda,3,3,2025-09-26,3,Português,1.21,0.56
7018c144,Fernanda,3,3,2025-09-12,3,História,3.27,0.29
7018c144,Fernanda,3,3,2025-09-08,3,Geografia,1.89,0.41
7018c144,Fernanda,3,3,2025-09-14,3,Filosofia,0.67,0.61
7018c144,Fernanda,3,3,2025-09-10,3,Sociologia,2.3,0.96
7018c144,Fernanda,3,3,2025-09-18,3,Inglês,3.88,0.9
e4adf10e,Juliana,3,1,2025-03-17,3,Matemática,9.67,0.18
e4adf10e,Juliana,3,1,2025-03-05,3,Física,6.67,0.1
e4adf10e,Juliana,3,1,2025-03-08,3,Química,8.57,0.31
e4adf10e,Juliana,3,1,2025-03-10,3,Biologia,6.86,0.78
e4adf10e,Juliana,3,1,2025-03-06,3,Português,4.89,0.96
e4adf10e,Juliana,3,1,2025-03-10,3,História,9.27,0.63
e4adf10e,Juliana,3,1,2025-03-24,3,Geografia,7.61,1.0
e4adf10e,Juliana,3,1,2025-03-24,3,Filosofia,1.59,0.88
e4adf10e,Juliana,3,1,2025-03-13,3,Sociologia,5.53,0.01
e4adf10e,Juliana,3,1,2025-03-07,3,Inglês,7.61,0.92
e4adf10e,Juliana,3,2,2025-06-18,3,Matemática,7.98,0.21
e4adf10e,Juliana,3,2,2025-06-17,3,Física,0.23,0.2
e4adf10e,Juliana,3,2,2025-06-05,3,Química,2.2,0.9
e4adf10e,Juliana,3,2,2025-06-09,3,Biologia,8.24,0.06
e4adf10e,Juliana,3,2,2025-06-08,3,Português,5.54,0.48
e4adf10e,Juliana,3,2,2025-06-09,3,História,7.6,0.12
e4adf10e,Juliana,3,2,2025-06-10,3,Geografia,4.58,0.57
e4adf10e,Juliana,3,2,2025-06-24,3,Filosofia,8.89,0.19
e4adf10e,Juliana,3,2,2025-06-27,3,Sociologia,5.82,0.73
e4adf10e,Juliana,3,2,2025-06-28,3,Inglês,7.45,0.34
e4adf10e,Juliana,3,3,2025-09-15,3,Matemática,0.26,0.04
e4adf10e,Juliana,3,3,2025-09-01,3,Física,8.25,0.87
e4adf10e,Juliana,3,3,2025-09-20,3,Química,5.04,0.55
e4adf10e,Juliana,3,3,2025-09-10,3,Biologia,0.17,0.33
e4adf10e,Juliana,3,3,2025-09-22,3,Português,6.48,0.24
e4adf10e,Juliana,3,3,2025-09-13,3,História,5.17,0.24
e4adf10e,Juliana,3,3,2025-09-18,3,Geografia,6.79,0.27
e4adf10e,Juliana,3,3,2025-09-14,3,Filosofia,9.39,0.42
e4adf10e,Juliana,3,3,2025-09-12,3,Sociologia,7.99,0.61
e4adf10e,Juliana,3,3,2025-09-10,3,Inglês,9.5,0.48
4952909b,Eduardo,3,1,2025-03-03,3,Matemática,7.48,0.59
4952909b,Eduardo,3,1,2025-03-21,3,Física,7.81,0.56
4952909b,Eduardo,3,1,2025-03-28,3,Química,4.28,0.2
4952909b,Eduardo,3,1,2025-03-04,3,Biologia,9.03,0.22
4952909b,Eduardo,3,1,2025-03-10,3,Português,9.66,0.4
4952909b,Eduardo,3,1,2025-03-18,3,História,8.63,0.1
4952909b,Eduardo,3,1,2025-03-15,3,Geografia,3.57,0.19
4952909b,Eduardo,3,1,2025-03-12,3,Filosofia,0.06,0.69
4952909b,Eduardo,3,1,2025-03-08,3,Sociologia,9.75,0.87
4952909b,Eduardo,3,1,2025-03-21,3,Inglês,4.08,0.45
4952909b,Eduardo,3,2,2025-06-09,3,Matemática,1.7,0.65
4952909b,Eduardo,3,2,2025-06-23,3,Física,1.05,0.05
4952909b,Eduardo,3,2,2025-06-11,3,Química,2.21,0.32
4952909b,Eduardo,3,2,2025-06-06,3,Biologia,3.45,0.09
4952909b,Eduardo,3,2,2025-06-08,3,Português,4.09,0.21
4952909b,Eduardo,3,2,2025-06-27,3,História,4.37,0.53
4952909b,Eduardo,3,2,2025-06-26,3,Geografia,7.44,0.28
4952909b,Eduardo,3,2,2025-06-11,3,Filosofia,8.36,0.08
4952909b,Eduardo,3,2,2025-06-08,3,Sociologia,0.33,0.85
4952909b,Eduardo,3,2,2025-06-25,3,Inglês,8.31,0.46
4952909b,Eduardo,3,3,2025-09-13,3,Matemática,4.38,0.48
4952909b,Eduardo,3,3,2025-09-22,3,Física,0.65,0.67
4952909b,Eduardo,3,3,2025-09-09,3,Química,5.97,0.87
4952909b,Eduardo,3,3,2025-09-26,3,Biologia,6.06,0.42
4952909b,Eduardo,3,3,2025-09-03,3,Português,3.44,0.03
4952909b,Eduardo,3,3,2025-09-28,3,História,3.54,0.78
4952909b,Eduardo,3,3,2025-09-20,3,Geografia,0.41,0.67
4952909b,Eduardo,3,3,2025-09-21,3,Filosofia,5.04,0.92
4952909b,Eduardo,3,3,2025-09-24,3,Sociologia,7.27,0.58
4952909b,Eduardo,3,3,2025-09-24,3,Inglês,9.46,0.92
8b73164c,Sofia,3,1,2025-03-27,3,Matemática,2.17,0.68
8b73164c,Sofia,3,1,2025-03-20,3,Física,3.72,0.95
8b73164c,Sofia,3,1,2025-03-16,3,Química,5.79,0.09
8b73164c,Sofia,3,1,2025-03-22,3,Biologia,0.2,0.9
8b73164c,Sofia,3,1,2025-03-15,3,Português,0.57,0.66
8b73164c,Sofia,3,1,2025-03-11,3,História,3.63,0.01
8b73164c,Sofia,3,1,2025-03-27,3,Geografia,6.61,0.68
8b73164c,Sofia,3,1,2025-03-09,3,Filosofia,2.67,0.65
8b73164c,Sofia,3,1,2025-03-26,3,Sociologia,6.21,0.94
8b73164c,Sofia,3,1,2025-03-22,3,Inglês,8.1,0.57
8b73164c,Sofia,3,2,2025-06-14,3,Matemática,0.75,0.13
8b73164c,Sofia,3,2,2025-06-04,3,Física,4.49,0.1
8b73164c,Sofia,3,2,2025-06-22,3,Química,8.54,0.33
8b73164c,Sofia,3,2,2025-06-04,3,Biologia,3.52,0.76
8b73164c,Sofia,3,2,2025-06-22,3,Português,8.51,0.27
8b73164c,Sofia,3,2,2025-06-21,3,História,5.31,0.61
8b73164c,Sofia,3,2,2025-06-14,3,Geografia,7.81,0.42
8b73164c,Sofia,3,2,2025-06-17,3,Filosofia,4.14,0.52
8b73164c,Sofia,3,2,2025-06-16,3,Sociologia,6.95,0.0
8b73164c,Sofia,3,2,2025-06-26,3,Inglês,5.51,0.21
8b73164c,Sofia,3,3,2025-09-08,3,Matemática,1.34,0.59
8b73164c,Sofia,3,3,2025-09-11,3,Física,3.82,0.79
8b73164c,Sofia,3,3,2025-09-20,3,Química,2.91,0.58
8b73164c,Sofia,3,3,2025-09-11,3,Biologia,6.51,0.26
8b73164c,Sofia,3,3,2025-09-25,3,Português,8.72,0.48
8b73164c,Sofia,3,3,2025-09-24,3,História,4.02,0.73
8b73164c,Sofia,3,3,2025-09-08,3,Geografia,2.3,0.25
8b73164c,Sofia,3,3,2025-09-17,3,Filosofia,7.8,0.52
8b73164c,Sofia,3,3,2025-09-10,3,Sociologia,8.07,0.41
8b73164c,Sofia,3,3,2025-09-06,3,Inglês,2.92,0.76
6bd6e02d,Fernanda,3,1,2025-03-28,3,Matemática,5.41,0.51
6bd6e02d,Fernanda,3,1,2025-03-15,3,Física,8.94,0.6
6bd6e02d,Fernanda,3,1,2025-03-18,3,Química,9.36,0.33
6bd6e02d,Fernanda,3,1,2025-03-15,3,Biologia,1.21,0.3
6bd6e02d,Fernanda,3,1,2025-03-28,3,Português,5.97,0.76
6bd6e02d,Fernanda,3,1,2025-03-01,3,História,2.36,0.03
6bd6e02d,Fernanda,3,1,2025-03-05,3,Geografia,0.79,0.8
6bd6e02d,Fernanda,3,1,2025-03-12,3,Filosofia,9.01,0.32
6bd6e02d,Fernanda,3,1,2025-03-22,3,Sociologia,0.31,0.58
6bd6e02d,Fernanda,3,1,2025-03-19,3,Inglês,3.69,0.14
6bd6e02d,Fernanda,3,2,2025-06-03,3,Matemática,9.96,0.27
6bd6e02d,Fernanda,3,2,2025-06-18,3,Física,1.39,0.72
6bd6e02d,Fernanda,3,2,2025-06-08,3,Química,9.35,0.14
6bd6e02d,Fernanda,3,2,2025-06-08,3,Biologia,1.2,0.22
6bd6e02d,Fernanda,3,2,2025-06-05,3,Português,2.92,0.01
6bd6e02d,Fernanda,3,2,2025-06-15,3,História,8.58,0.77
6bd6e02d,Fernanda,3,2,2025-06-01,3,Geografia,2.44,0.8
6bd6e02d,Fernanda,3,2,2025-06-27,3,Filosofia,1.25,0.62
6bd6e02d,Fernanda,3,2,2025-06-17,3,Sociologia,0.05,0.12
6bd6e02d,Fernanda,3,2,2025-06-21,3,Inglês,6.43,0.47
6bd6e02d,Fernanda,3,3,2025-09-01,3,Matemática,3.85,0.43
6bd6e02d,Fernanda,3,3,2025-09-05,3,Física,3.23,0.15
6bd6e02d,Fernanda,3,3,2025-09-28,3,Química,0.95,0.19
6bd6e02d,Fernanda,3,3,2025-09-28,3,Biologia,7.36,0.97
6bd6e02d,Fernanda,3,3,2025-09-14,3,Português,6.06,0.43
6bd6e02d,Fernanda,3,3,2025-09-16,3,História,1.6,0.48
6bd6e02d,Fernanda,3,3,2025-09-21,3,Geografia,5.49,0.08
6bd6e02d,Fernanda,3,3,2025-09-02,3,Filosofia,8.32,0.43
6bd6e02d,Fernanda,3,3,2025-09-04,3,Sociologia,2.13,0.63
6bd6e02d,Fernanda,3,3,2025-09-23,3,Inglês,3.5,0.34
